"Record Type","Name","Prompt Text","Description","Model / Motion Effect","Tool Type","Generation Style","Visual Subject","Category","Preset","Aspect Ratio","Duration (s)","Quality","Badges","Word Count","Char Count","Confidence","Site Section","Extraction Source","Sample Media URL","Source Page URL"
"Preset / Effect","Sketch","","","Mixed Media","Mixed Media Preset","","","","","","","","","","","High","mixed-media-presets","catalog_page","","https://higgsfield.ai/mixed-media-presets/preset/6377b231-5cea-4259-8a6b-0314728c1982"
"Preset / Effect","Acid","","","Mixed Media","Mixed Media Preset","Glitch / Experimental","","","","","","","","","","High","mixed-media-presets","catalog_page","","https://higgsfield.ai/mixed-media-presets/preset/b501a54d-7c2a-42f8-a47d-484cbdace0a6"
"Preset / Effect","Two color","","","Mixed Media","Mixed Media Preset","","","","","","","","","","","High","mixed-media-presets","catalog_page","","https://higgsfield.ai/mixed-media-presets/preset/ac3612ce-b1c9-4034-a04b-b46732c2d7a3"
"Preset / Effect","Bubbles","","","Mixed Media","Mixed Media Preset","","","","","","","","","","","High","mixed-media-presets","catalog_page","","https://higgsfield.ai/mixed-media-presets/preset/dacdca94-27b2-417a-bc8c-6d4168e6109a"
"Preset / Effect","Overexposed","","","Mixed Media","Mixed Media Preset","","","","","","","","","","","High","mixed-media-presets","catalog_page","","https://higgsfield.ai/mixed-media-presets/preset/1c79bffd-0839-42c3-90ab-2cd7e6ff4619"
"Preset / Effect","Akrill","","","Mixed Media","Mixed Media Preset","","","","","","","","","","","High","mixed-media-presets","catalog_page","","https://higgsfield.ai/mixed-media-presets/preset/73f9e01d-eb92-41d6-9119-53cc2686ecfa"
"Preset / Effect","Random Glow","","","Mixed Media","Mixed Media Preset","","","","","","","","","","","High","mixed-media-presets","catalog_page","","https://higgsfield.ai/mixed-media-presets/preset/f1706661-007e-424b-8734-b755d602d580"
"Preset / Effect","Windows","","","Mixed Media","Mixed Media Preset","","","","","","","","","","","High","mixed-media-presets","catalog_page","","https://higgsfield.ai/mixed-media-presets/preset/4f7a1589-c604-44e5-b0ec-bc87d3929906"
"Preset / Effect","Magazine","","","Mixed Media","Mixed Media Preset","Fashion / Editorial","","","","","","","","","","High","mixed-media-presets","catalog_page","","https://higgsfield.ai/mixed-media-presets/preset/963c3300-8967-4880-b078-c956de4c1e12"
"Preset / Effect","Comic","","","Mixed Media","Mixed Media Preset","","","","","","","","","","","High","mixed-media-presets","catalog_page","","https://higgsfield.ai/mixed-media-presets/preset/94cd1315-c820-4314-806d-f1b0936e8a46"
"Preset / Effect","Cold vision","","","Mixed Media","Mixed Media Preset","","","","","","","","","","","High","mixed-media-presets","catalog_page","","https://higgsfield.ai/mixed-media-presets/preset/d6ebc1b1-55b0-4379-8276-b46d47d8b056"
"Preset / Effect","Layer mixed media","","","Mixed Media","Mixed Media Preset","","","","","","","","","","","High","mixed-media-presets","catalog_page","","https://higgsfield.ai/mixed-media-presets/preset/6ff15c8c-de78-459e-af32-e7a1266dc075"
"Preset / Effect","Toxic","","","Mixed Media","Mixed Media Preset","","","","","","","","","","","High","mixed-media-presets","catalog_page","","https://higgsfield.ai/mixed-media-presets/preset/fd3ca94d-6c3d-443f-970b-a4e8dd7338da"
"Preset / Effect","Cannabis","","","Mixed Media","Mixed Media Preset","","","","","","","","","","","High","mixed-media-presets","catalog_page","","https://higgsfield.ai/mixed-media-presets/preset/c90cd302-d409-48fd-8643-36c34d7798e4"
"Preset / Effect","Noir","","","Mixed Media","Mixed Media Preset","Noir / Moody","","","","","","","","","","High","mixed-media-presets","catalog_page","","https://higgsfield.ai/mixed-media-presets/preset/c92d1f34-8bc3-410a-99c4-4b8f387140ec"
"Preset / Effect","Flash comic","","","Mixed Media","Mixed Media Preset","","","","","","","","","","","High","mixed-media-presets","catalog_page","","https://higgsfield.ai/mixed-media-presets/preset/3fbd5057-50e1-4d1d-9a6f-8655836711b8"
"Preset / Effect","Origami","","","Mixed Media","Mixed Media Preset","","","","","","","","","","","High","mixed-media-presets","catalog_page","","https://higgsfield.ai/mixed-media-presets/preset/8c88dac7-0314-40b4-b611-5dcd3fda004d"
"Preset / Effect","LSD","","","Mixed Media","Mixed Media Preset","","","","","","","","","","","High","mixed-media-presets","catalog_page","","https://higgsfield.ai/mixed-media-presets/preset/c2b241c5-5239-4465-869f-fef60a06822e"
"Preset / Effect","Fragments","","","Mixed Media","Mixed Media Preset","","","","","","","","","","","High","mixed-media-presets","catalog_page","","https://higgsfield.ai/mixed-media-presets/preset/525fc0d7-abf1-49e5-a3e6-2f97eb50973c"
"Preset / Effect","Ultraviolet","","","Mixed Media","Mixed Media Preset","","","","","","","","","","","High","mixed-media-presets","catalog_page","","https://higgsfield.ai/mixed-media-presets/preset/c9682e42-9891-4118-86bb-f8cf79c84055"
"Preset / Effect","Vintage","","","Mixed Media","Mixed Media Preset","Retro / VHS / Analog","","","","","","","","","","High","mixed-media-presets","catalog_page","","https://higgsfield.ai/mixed-media-presets/preset/ee12f76c-ed17-4471-bf2e-52bda1bcae64"
"Preset / Effect","Particles","","","Mixed Media","Mixed Media Preset","","Abstract / Texture","","","","","","","","","High","mixed-media-presets","catalog_page","","https://higgsfield.ai/mixed-media-presets/preset/386ebb9d-643f-4108-a12f-3f867f18fb36"
"Preset / Effect","Modern","","","Mixed Media","Mixed Media Preset","","","","","","","","","","","High","mixed-media-presets","catalog_page","","https://higgsfield.ai/mixed-media-presets/preset/9196d356-1406-43ef-bc68-cb26e7eaf507"
"Preset / Effect","Marble","","","Mixed Media","Mixed Media Preset","","","","","","","","","","","High","mixed-media-presets","catalog_page","","https://higgsfield.ai/mixed-media-presets/preset/ff617894-b1bc-4931-85b3-1e5b159d2106"
"Preset / Effect","Lava","","","Mixed Media","Mixed Media Preset","","","","","","","","","","","High","mixed-media-presets","catalog_page","","https://higgsfield.ai/mixed-media-presets/preset/bb33da96-918c-4754-ba55-6d0dcbaf5173"
"Preset / Effect","Tracking","","","Mixed Media","Mixed Media Preset","","","","","","","","","","","High","mixed-media-presets","catalog_page","","https://higgsfield.ai/mixed-media-presets/preset/9fa35d36-e5f4-4488-9068-8813bd232a22"
"Preset / Effect","Paper","","","Mixed Media","Mixed Media Preset","","","","","","","","","","","High","mixed-media-presets","catalog_page","","https://higgsfield.ai/mixed-media-presets/preset/f63bf420-f98a-44e6-ba54-3f7eaa599d40"
"Preset / Effect","Ocean","","","Mixed Media","Mixed Media Preset","","Landscape / Nature","","","","","","","","","High","mixed-media-presets","catalog_page","","https://higgsfield.ai/mixed-media-presets/preset/19115d24-276e-4222-a23f-39cc23d9a326"
"Preset / Effect","Multiverse","","","Mixed Media","Mixed Media Preset","","","","","","","","","","","High","mixed-media-presets","catalog_page","","https://higgsfield.ai/mixed-media-presets/preset/c38c2630-3986-4e28-858f-596fd254e5e9"
"Preset / Effect","Canvas","","","Mixed Media","Mixed Media Preset","","","","","","","","","","","High","mixed-media-presets","catalog_page","","https://higgsfield.ai/mixed-media-presets/preset/1a722581-6ba0-48b2-b990-a177a3f26cc8"
"Preset / Effect","Broken mirror","","","Mixed Media","Mixed Media Preset","","","","","","","","","","","High","mixed-media-presets","catalog_page","","https://higgsfield.ai/mixed-media-presets/preset/5d89951e-ac83-4c7f-ac47-4d8db50c835e"
"Preset / Effect","Hand paint","","","Mixed Media","Mixed Media Preset","","","","","","","","","","","High","mixed-media-presets","catalog_page","","https://higgsfield.ai/mixed-media-presets/preset/ad8401a0-39a2-4c95-b65e-1634d41378ab"
"Preset / Effect","Palette","","","Mixed Media","Mixed Media Preset","","","","","","","","","","","High","mixed-media-presets","catalog_page","","https://higgsfield.ai/mixed-media-presets/preset/15b97a49-9912-4a58-8424-b4ef1c302a05"
"Preset / Effect","Through Object In","","Moves the camera inward through an object to focus on the subject behind it. Perfect for creative reveals and smooth, immersive transitions.","Wan 2.5","Motion Effect Preset","","People / Portrait; Product / Object","","","","","","","","","High","motion","catalog_page","","https://higgsfield.ai/motion/2b353671-da2e-4c9e-841d-b7af200ceadb"
"Preset / Effect","Ski Powder","","Captures a skier cutting through deep snow with soft, explosive bursts. Dreamy and powerful, with a sense of freedom.","Wan 2.5","Motion Effect Preset","","","","","","","","","","","High","motion","catalog_page","","https://higgsfield.ai/motion/fbed32dc-6596-4abb-891e-73bfc21c8996"
"Preset / Effect","Object POV","","Shows the scene from the object’s point of view, making viewers feel like they're seeing through its ""eyes."" Great for immersive, creative storytelling.","Wan 2.5","Motion Effect Preset","","People / Portrait; Product / Object","","","","","","","","","High","motion","catalog_page","","https://higgsfield.ai/motion/ab14b29d-f23e-449e-a40e-ebdbb4f7437a"
"Preset / Effect","Super Dolly Out","","Smoothly pulls the camera away from the subject, revealing more of the scene. Perfect for dramatic exits, emotional distance, or scene transitions.","Wan 2.5","Motion Effect Preset","","People / Portrait","","","","","","","","","High","motion","catalog_page","","https://higgsfield.ai/motion/9dda3fb8-b917-457a-a995-72233031b1fd"
"Preset / Effect","Static","","The camera remains completely still, with no motion or shake. Clean, neutral, and steady—ideal for dialogue scenes or minimalist aesthetics.","Wan 2.5","Motion Effect Preset","","People / Portrait","","","","","","","","","High","motion","catalog_page","","https://higgsfield.ai/motion/aab8440c-0d65-4554-b88a-7a9a5e084b6e"
"Preset / Effect","Skateboard Glide","","Smooth, flowing motion as the board rolls effortlessly. Relaxed and stylish, perfect for cruising scenes or aesthetic edits.","Wan 2.5","Motion Effect Preset","","People / Portrait","","","","","","","","","High","motion","catalog_page","","https://higgsfield.ai/motion/86f0a592-515a-4a10-bffe-910c6282cb44"
"Preset / Effect","Selfie Posing","","The subject strikes stylish or playful poses in selfie mode. Perfect for reels or fashion","MiniMax Hailuo","Motion Effect Preset","UGC / Handheld; Fashion / Editorial","People / Portrait","","","","","","","","","High","motion","catalog_page","","https://higgsfield.ai/motion/ecf0b2dd-4d97-4e5c-8e81-c384836c7233"
"Preset / Effect","Crash Zoom In + Tentacles","","Snaps into the subject’s face with a fast zoom as eerie tentacles emerge from their eyes. A shocking, surreal mix of horror and intensity.","Wan 2.5","Motion Effect Preset","Glitch / Experimental; Horror / Thriller","People / Portrait","","","","","","","","","High","motion","catalog_page","","https://higgsfield.ai/motion/6b658ac3-48a7-49a7-85cc-97af9ff50069"
"Preset / Effect","FPV Drone","","Captures fast, fluid shots with a first-person view drone, flying through tight spaces and dynamic paths. Ideal for thrilling, immersive, and cinematic footage.","Wan 2.5","Motion Effect Preset","Cinematic / Film; Aerial / Drone","People / Portrait","","","","","","","","","High","motion","catalog_page","","https://higgsfield.ai/motion/5eb82f94-2b98-4e4a-ab4b-ee6c872fb2c7"
"Preset / Effect","Graveyard Logo","","Tombstones, fog, and eerie graveyard elements surround your logo. Spooky cemetery vibes","MiniMax","Motion Effect Preset","Horror / Thriller","Text / Logo / Graphic","","","","","","","","","High","motion","catalog_page","","https://higgsfield.ai/motion/5eb46ea4-0e07-4095-96ef-c128f15bd938"
"Preset / Effect","Color Rain","","Vivid streaks of liquid color pour from above, soaking the subject in a dazzling spectrum. Bright, artistic, and playful.","Wan 2.5","Motion Effect Preset","","People / Portrait; Abstract / Texture","","","","","","","","","High","motion","catalog_page","","https://higgsfield.ai/motion/3a95cd41-baeb-4e31-9347-3aa69eed3f51"
"Preset / Effect","Building Explosion + Disintegration","","A structure erupts in a fiery blast, then rapidly crumbles into dust and particles mid-air. A powerful blend of destruction and decay—perfect for apocalyptic or sci-fi scenes.","Wan 2.5","Motion Effect Preset","Fantasy / Sci-Fi","Architecture / Interior; Abstract / Texture","","","","","","","","","High","motion","catalog_page","","https://higgsfield.ai/motion/816671cd-720b-4d90-a1d4-abbcb89be8ba"
"Preset / Effect","Hole Transition","","A spinning donut wipes across the screen, making way for the next scene. Fun, quirky, and unexpected.","Wan 2.5","Motion Effect Preset","","People / Portrait","","","","","","","","","High","motion","catalog_page","","https://higgsfield.ai/motion/b03d3554-d088-49a4-8050-bda4bd2e456e"
"Preset / Effect","Tentacles","","A surreal VFX effect where tentacles emerge from a person’s eyes, twisting and moving as if alive. Adds a creepy, otherworldly vibe perfect for horror or sci-fi scenes.","Wan 2.5","Motion Effect Preset","Glitch / Experimental; Fantasy / Sci-Fi; Horror / Thriller","People / Portrait","","","","","","","","","High","motion","catalog_page","","https://higgsfield.ai/motion/8fccea16-08b5-432c-8123-8456523e2d60"
"Preset / Effect","Air Bending","","The subject dissolves into a whirling torrent of air and light, surging across the space as an ethereal gusting current before reforming in a new location. Aerial, weightless, and boundless.","Wan 2.5","Motion Effect Preset","Aerial / Drone","People / Portrait","","","","","","","","","High","motion","catalog_page","","https://higgsfield.ai/motion/c4dd8cc3-79a6-4366-b9a1-071ad848ddd2"
"Preset / Effect","Low Shutter","","Creates motion blur by lowering the shutter speed, giving your video a dreamy, streaky, or intense action look. Perfect for stylized or high-energy scenes.","Wan 2.5","Motion Effect Preset","","People / Portrait","","","","","","","","","High","motion","catalog_page","","https://higgsfield.ai/motion/fe85971a-92e3-4c85-ac20-b4ecebaf1567"
"Preset / Effect","Snorricam","","The movement captures the rhythm of the actor’s steps, creating a disorienting, visceral effect that emphasizes tension or distress’","Wan 2.5","Motion Effect Preset","","People / Portrait","","","","","","","","","High","motion","catalog_page","","https://higgsfield.ai/motion/893cb65f-c528-40aa-83d8-c5aeb2bfe59f"
"Preset / Effect","Multiverse","","Worlds collide and merge as the subject is pulled across parallel dimensions. Expansive, cosmic, and mind-bending.","Wan 2.5","Motion Effect Preset","","People / Portrait","","","","","","","","","High","motion","catalog_page","","https://higgsfield.ai/motion/5949fec9-f70e-45d5-8ab9-5544bb18dd72"
"Preset / Effect","Aerial Pull Out","","Camera zooms upward into the sky, revealing the full landscape. Epic, cinematic, and spatial","MiniMax Hailuo","Motion Effect Preset","Cinematic / Film; Aerial / Drone","People / Portrait; Landscape / Nature","","","","","","","","","High","motion","catalog_page","","https://higgsfield.ai/motion/b0da7c10-b36d-4f15-9b86-a3c45fd8135b"
"Preset / Effect","Car Mount","","Camera is fixed to a moving car, capturing dynamic driving shots with real motion and vibration.","MiniMax Hailuo","Motion Effect Preset","","Vehicles / Transport","","","","","","","","","High","motion","catalog_page","","https://higgsfield.ai/motion/bb08555e-8641-4b56-a97f-faccd1a8f615"
"Preset / Effect","Crane Down","","Gently lowers the camera from above to the subject, creating a dramatic or revealing entrance. Perfect for introductions, transitions, or emotional emphasis.","Wan 2.5","Motion Effect Preset","","People / Portrait","","","","","","","","","High","motion","catalog_page","","https://higgsfield.ai/motion/41d4241f-8e3a-4c72-bd1d-89e93f06b0f0"
"Preset / Effect","Look, BOOM!","","Pointing or gesturing dramatically toward an explosion.","Wan 2.5","Motion Effect Preset","","","","","","","","","","","High","motion","catalog_page","","https://higgsfield.ai/motion/2cee1f43-c939-4d8c-9581-b5ac6b842405"
"Preset / Effect","Mouth In","","Zooms swiftly into the character’s mouth for a fun, quirky, or surreal transition. Ideal for adding humor or exaggerating expressions.","Wan 2.5","Motion Effect Preset","Glitch / Experimental","People / Portrait","","","","","","","","","High","motion","catalog_page","","https://higgsfield.ai/motion/7351a8ad-9754-4844-94f1-00baf293d588"
"Preset / Effect","Wonderland","","Reality bends into warped colors and hallucinations, twisting the subject into a surreal nightmare. Psychedelic, chaotic, and disorienting.","Wan 2.5","Motion Effect Preset","Glitch / Experimental; Horror / Thriller","People / Portrait","","","","","","","","","High","motion","catalog_page","","https://higgsfield.ai/motion/4ef29c6b-44de-4309-8101-19b021db4abd"
"Preset / Effect","Bloody Eyes","","Blood-red eyes or streams of blood pouring down the face. Possessed, intense, demonic","MiniMax 2.3","Motion Effect Preset","","People / Portrait","","","","","","","","","High","motion","catalog_page","","https://higgsfield.ai/motion/190e1346-6cfd-40f8-bbb4-c7887b131660"
"Preset / Effect","Handheld","","Mimics natural, shaky camera movement for a raw and realistic feel. Great for intense scenes, vlogs, or making viewers feel like they're in the moment.","Wan 2.5","Motion Effect Preset","UGC / Handheld","People / Portrait","","","","","","","","","High","motion","catalog_page","","https://higgsfield.ai/motion/36e6e450-52d9-484f-bfbe-f069e06a1530"
"Preset / Effect","Powder Explosion","","A burst of colorful or dusty powder erupts around the subject, filling the frame with texture and motion. Perfect for dramatic entrances, dance shots, or high-impact visual flair.","Wan 2.5","Motion Effect Preset","","People / Portrait; Abstract / Texture","","","","","","","","","High","motion","catalog_page","","https://higgsfield.ai/motion/fc56f780-079b-4a4f-b135-09384440fe75"
"Preset / Effect","Levitation + Invisible","","An unseen subject rises into the air—only floating clothes or subtle distortions reveal their presence. Mysterious, surreal, and perfect for supernatural or sci-fi scenes.","Wan 2.5","Motion Effect Preset","Glitch / Experimental; Fantasy / Sci-Fi","People / Portrait","","","","","","","","","High","motion","catalog_page","","https://higgsfield.ai/motion/68962439-c1e7-4e3f-a6b9-3efc967176c7"
"Preset / Effect","Pan Left","","The camera pans left to reveal new details or follow motion, adding flow to the shot.","Wan 2.5","Motion Effect Preset","","People / Portrait","","","","","","","","","High","motion","catalog_page","","https://higgsfield.ai/motion/6f087874-24f3-4d48-9eb9-f4349ac6a105"
"Preset / Effect","Paint Splash","","The object or subject transforms into a burst of liquid paint—splattering outward in colorful, fluid motion. Surreal and expressive, ideal for artistic transitions or dramatic visual effects.","Wan 2.5","Motion Effect Preset","Glitch / Experimental","People / Portrait; Product / Object; Abstract / Texture","","","","","","","","","High","motion","catalog_page","","https://higgsfield.ai/motion/e520303a-70ed-4438-9306-830528fbdd29"
"Preset / Effect","Firelava","","Skin cracks as molten light breaks through, transforming the subject into a blazing fire bending elemental of flowing lava and flame. Intense, fiery, and unstoppable","Wan 2.5","Motion Effect Preset","","People / Portrait","","","","","","","","","High","motion","catalog_page","","https://higgsfield.ai/motion/eeaa42bc-d607-464e-b21f-b7fb8b1cb3fc"
"Preset / Effect","Duplicate","","The subject splits into multiple identical copies that appear side by side or in sequence. Creates a surreal, sci-fi, or fast-motion effect—great for showing speed, confusion, or supernatural power.","Wan 2.5","Motion Effect Preset","Glitch / Experimental; Fantasy / Sci-Fi","People / Portrait","","","","","","","","","High","motion","catalog_page","","https://higgsfield.ai/motion/20b46995-5991-48e0-8fcc-6b1f5dfb4c52"
"Preset / Effect","Skin Surge","","Objects like hands, flowers, or surreal forms emerge smoothly from the subject’s skin, as if breaking through a living surface. Organic, eerie, or poetic—perfect for fantasy, horror, or dreamlike visuals.","Wan 2.5","Motion Effect Preset","Glitch / Experimental; Fantasy / Sci-Fi; Horror / Thriller","People / Portrait; Product / Object","","","","","","","","","High","motion","catalog_page","","https://higgsfield.ai/motion/aae6a422-fee1-4b89-ac7a-aea5d484fc1b"
"Preset / Effect","Thunder God + Turning Metal","","he subject’s body transforms into gleaming metal as lightning crackles around them and eyes glow with electric power. A godlike fusion of strength, energy, and unstoppable force.","Wan 2.5","Motion Effect Preset","","People / Portrait","","","","","","","","","High","motion","catalog_page","","https://higgsfield.ai/motion/c839c180-cf06-4924-8ad5-ddea18c97122"
"Preset / Effect","Pan Right","","A smooth pan to the right that uncovers space or movement, keeping the scene dynamic.","Wan 2.5","Motion Effect Preset","","People / Portrait","","","","","","","","","High","motion","catalog_page","","https://higgsfield.ai/motion/ce0b3d96-be4c-4b2d-962a-340dd386d910"
"Preset / Effect","YoYo Zoom","","A rapid in-and-out zoom motion that mimics the snap of a yoyo—fast, playful, and punchy. Adds energy, tension, or comic effect to your scene.","Wan 2.5","Motion Effect Preset","","People / Portrait","","","","","","","","","High","motion","catalog_page","","https://higgsfield.ai/motion/702c6210-9798-4888-b7c9-e794c8fcaaef"
"Preset / Effect","Floating Fish","","Light blue fish swims in from outside the frame and floats gracefully around her, moving gently through the air as if drifting in invisible water.","Wan 2.5","Motion Effect Preset","","People / Portrait; Animals / Creatures; Food / Drink","","","","","","","","","High","motion","catalog_page","","https://higgsfield.ai/motion/66302844-ab6f-4c45-8171-807b6655148e"
"Preset / Effect","Clone Explosion","","The subject instantly splits into multiple identical versions that burst outward in all directions. A bold, surreal effect perfect for showcasing speed, chaos, or supernatural duplication.","Wan 2.5","Motion Effect Preset","Glitch / Experimental","People / Portrait","","","","","","","","","High","motion","catalog_page","","https://higgsfield.ai/motion/9680aaf0-c5db-4204-833f-56f825bb350b"
"Preset / Effect","Acid","","The world melts and warps in a wild, LSD-inspired visual trip. Psychedelic, colorful, and completely unreal","MiniMax Hailuo","Motion Effect Preset","Glitch / Experimental","People / Portrait","","","","","","","","","High","motion","catalog_page","","https://higgsfield.ai/motion/a99e16db-8264-43e2-9279-fe66098db36f"
"Preset / Effect","Datamosh","","A glitchy visual effect where pixels bleed, smear, and blend between frames, creating distorted transitions. Chaotic, trippy, and perfect for edgy, experimental, or digital glitch aesthetics.","Wan 2.5","Motion Effect Preset","Glitch / Experimental","","","","","","","","","","High","motion","catalog_page","","https://higgsfield.ai/motion/1ec9ecaf-4e47-48c7-943c-5c2d651d7ad1"
"Preset / Effect","Whip Pan","","A fast camera pan that blurs the scene, used to transition between shots or add energy and speed. Great for action, comedy, or sudden scene changes.","Wan 2.5","Motion Effect Preset","","People / Portrait","","","","","","","","","High","motion","catalog_page","","https://higgsfield.ai/motion/7a144766-cdd2-4b73-8a27-67b35f2d4ba2"
"Preset / Effect","Censorship","","Adds pixel blur or bars over parts of the image—funny, edgy, or playful censorship style","MiniMax Hailuo","Motion Effect Preset","","People / Portrait; Vehicles / Transport","","","","","","","","","High","motion","catalog_page","","https://higgsfield.ai/motion/d3c3692f-1aec-4274-9aaf-5f461ad71b6a"
"Preset / Effect","Money Rain","","Cash falls from the sky in slow motion. Rich, flashy, or humorous effect","MiniMax Hailuo","Motion Effect Preset","","People / Portrait; Landscape / Nature","","","","","","","","","High","motion","catalog_page","","https://higgsfield.ai/motion/40a465df-3484-4130-bfd2-54f5cdcaf3bf"
"Preset / Effect","Smoke Transition","","Billowing smoke swirls across the screen, veiling and then revealing the transition. Atmospheric, smooth, and mysterious.","Wan 2.5","Motion Effect Preset","","People / Portrait; Abstract / Texture","","","","","","","","","High","motion","catalog_page","","https://higgsfield.ai/motion/efb77740-741f-419d-ae8d-cf487e01a6e9"
"Preset / Effect","Innerlight","","A radiant glow builds from within the subject, shining through their skin and eyes. Feels spiritual, powerful, or magical—perfect for transformations, awakenings, or emotional peaks.","Wan 2.5","Motion Effect Preset","","People / Portrait","","","","","","","","","High","motion","catalog_page","","https://higgsfield.ai/motion/5dacd377-f98b-4977-8603-714fe93231a8"
"Preset / Effect","Through Object Out","","Moves the camera outward through an object, revealing the scene behind it. Creates a smooth, creative transition and adds depth to your storytelling.","Wan 2.5","Motion Effect Preset","","People / Portrait; Product / Object","","","","","","","","","High","motion","catalog_page","","https://higgsfield.ai/motion/3e217f3c-5133-4e83-ab6c-afb35d1c5852"
"Preset / Effect","Dolly Right","","Moves the camera smoothly to the right alongside the subject or scene. Great for tracking motion, revealing space, or adding cinematic flow.","Wan 2.5","Motion Effect Preset","Cinematic / Film","People / Portrait","","","","","","","","","High","motion","catalog_page","","https://higgsfield.ai/motion/17a8f1d4-88a4-4bb5-a662-c28e8ea7d023"
"Preset / Effect","Scarecrow Scream","","Transform into a nightmarish scarecrow and unleash a bone-chilling scream. Rural terror at its finest","MiniMax 2.3","Motion Effect Preset","","","","","","","","","","","High","motion","catalog_page","","https://higgsfield.ai/motion/8aa315fa-5e47-424a-9f90-0f29be169398"
"Preset / Effect","Agent Reveal","","The subject jerks or shakes their head as their face and body glitch and morph into a sharp-suited agent figure. Fast, surreal, and powerful—perfect for sudden identity shifts or secret transformations.","Wan 2.5","Motion Effect Preset","Glitch / Experimental; Product / Commercial","People / Portrait","","","","","","","","","High","motion","catalog_page","","https://higgsfield.ai/motion/a5e7e831-c323-4f69-926f-74f31197809b"
"Preset / Effect","Point Cloud","","Visual made up of scattered points—3D scan style. Dreamy, techy, or surreal","MiniMax Hailuo","Motion Effect Preset","Glitch / Experimental","","","","","","","","","","High","motion","catalog_page","","https://higgsfield.ai/motion/569ea796-2a19-4ccc-9281-29179e96ebf3"
"Preset / Effect","Wireframe","","Turns subject or background into a digital wireframe model. Futuristic and technical","MiniMax Hailuo","Motion Effect Preset","","People / Portrait","","","","","","","","","High","motion","catalog_page","","https://higgsfield.ai/motion/ea67acab-a7bf-4fff-b098-a0f1f1a6796c"
"Preset / Effect","Invisible","","The subject vanishes completely—no body, no clothing—leaving only their movement or impact behind. Feels ghostly, surreal, and perfect for sci-fi, stealth, or supernatural edits.","Wan 2.5","Motion Effect Preset","Glitch / Experimental; Fantasy / Sci-Fi","People / Portrait","","","","","","","","","High","motion","catalog_page","","https://higgsfield.ai/motion/30802f12-3db4-49b8-b0ab-6f0c737b252e"
"Preset / Effect","Dolly Out","","Pulls the camera smoothly away from the subject, revealing more of the scene. Great for emotional distance, dramatic exits, or cinematic reveals.","Wan 2.5","Motion Effect Preset","Cinematic / Film","People / Portrait","","","","","","","","","High","motion","catalog_page","","https://higgsfield.ai/motion/96e95a3c-ad0e-49ee-84e3-a39e0f13b543"
"Preset / Effect","Snorricam + Low Shutter","","The subject stays locked in frame while the world blurs with motion streaks. A dizzying, chaotic blend perfect for intense or disoriented scenes.","Wan 2.5","Motion Effect Preset","","People / Portrait","","","","","","","","","High","motion","catalog_page","","https://higgsfield.ai/motion/a3ce0054-2745-40e9-99b8-29977324bff1"
"Preset / Effect","Dolly Left","","Moves the camera smoothly to the left, following or revealing the scene. Perfect for tracking shots, transitions, or adding visual interest.","Wan 2.5","Motion Effect Preset","","People / Portrait","","","","","","","","","High","motion","catalog_page","","https://higgsfield.ai/motion/36186f21-e20f-479f-a7b9-f7f12354a4ab"
"Preset / Effect","Trucksition","","A massive truck barrels across the frame, wiping the scene into the next. Bold, gritty, and unexpected.","Wan 2.5","Motion Effect Preset","","People / Portrait; Vehicles / Transport","","","","","","","","","High","motion","catalog_page","","https://higgsfield.ai/motion/81c90748-7852-4bb1-a0ec-1649beb72024"
"Preset / Effect","Ski Carving","","Shows a skier making clean, fast turns on the slope. Dynamic, smooth, and elegant—ideal for scenic mountain action.","Wan 2.5","Motion Effect Preset","","People / Portrait; Landscape / Nature","","","","","","","","","High","motion","catalog_page","","https://higgsfield.ai/motion/c7b26f66-9d34-44d7-9b18-c8e679e6a391"
"Preset / Effect","Double Exposure","","Overlapping visuals create a layered effect. Poetic, emotional, or artsy","MiniMax Hailuo","Motion Effect Preset","","","","","","","","","","","High","motion","catalog_page","","https://higgsfield.ai/motion/19944586-7fa0-45da-a4bc-1ee51f7832fd"
"Preset / Effect","Eating","","Focus on the subject eating naturally. Can be casual, aesthetic, or comedic","MiniMax Hailuo","Motion Effect Preset","","People / Portrait","","","","","","","","","High","motion","catalog_page","","https://higgsfield.ai/motion/ab88f36f-6f1c-4a37-b3ee-76444adbba23"
"Preset / Effect","Double Dolly","","Both the camera and subject move together on dollies, keeping the subject perfectly still in frame while the background shifts. Creates a surreal, floating effect often used in music videos and dreamlike scenes.","Wan 2.5","Motion Effect Preset","Glitch / Experimental","People / Portrait","","","","","","","","","High","motion","catalog_page","","https://higgsfield.ai/motion/66ab5702-475d-4153-92a1-ff67cc3dec25"
"Preset / Effect","Saint Glow","","A divine halo of light radiates from the subject, casting them in pure brilliance. Holy, radiant, and majestic.","Wan 2.5","Motion Effect Preset","","People / Portrait","","","","","","","","","High","motion","catalog_page","","https://higgsfield.ai/motion/5772cc26-730f-4fb2-945b-fa4c5313feca"
"Preset / Effect","Tilt up","","Moves the camera upward to reveal something or make the subject feel powerful, grand, or important","Wan 2.5","Motion Effect Preset","","People / Portrait","","","","","","","","","High","motion","catalog_page","","https://higgsfield.ai/motion/359bd4f6-252a-405e-bb5c-3807b3b9d9ec"
"Preset / Effect","Display Transition","","A cameraman steps into view, lens-first, shifting the shot with meta style. Self-aware, cinematic, and playful.","Wan 2.5","Motion Effect Preset","Cinematic / Film","People / Portrait","","","","","","","","","High","motion","catalog_page","","https://higgsfield.ai/motion/cf852c5b-8e2a-45b7-807e-2a35b2636a3f"
"Preset / Effect","Flood","","The water is the moving force — it spreads, rises, and dominates the space.","Wan 2.5","Motion Effect Preset","","People / Portrait; Food / Drink","","","","","","","","","High","motion","catalog_page","","https://higgsfield.ai/motion/2a731e66-b6c9-472a-aa7b-aa0b90960245"
"Preset / Effect","Shocked","","Wide-eyed surprise or disbelief, comedic or intense.","Wan 2.5","Motion Effect Preset","","","","","","","","","","","High","motion","catalog_page","","https://higgsfield.ai/motion/7e432758-99ec-4244-9c02-e24998f63b61"
"Preset / Effect","Cotton Cloud","","Fluffy clouds gather and drift across the subject, wrapping them in a soft, heavenly haze. Light, gentle, and whimsical.","Wan 2.5","Motion Effect Preset","","People / Portrait","","","","","","","","","High","motion","catalog_page","","https://higgsfield.ai/motion/588486b6-f303-4e2a-b8b0-2b74b01a5f50"
"Preset / Effect","Diamond","","The subject’s body transforms into a sparkling, faceted diamond—hard, reflective, and radiant. A stunning visual effect perfect for showing strength, elegance, or magical metamorphosis.","Wan 2.5","Motion Effect Preset","","People / Portrait","","","","","","","","","High","motion","catalog_page","","https://higgsfield.ai/motion/8126eea1-263d-4e2a-9e27-da7296638522"
"Preset / Effect","Wind to Face","","Intense wind blasts the subject with extreme force—hair whips, clothes thrash, and the body leans into the pressure. Creates a dramatic, chaotic, or high-impact visual moment.","Wan 2.5","Motion Effect Preset","","People / Portrait","","","","","","","","","High","motion","catalog_page","","https://higgsfield.ai/motion/080d9f40-110d-4e74-bc93-bc4e9a9032d5"
"Preset / Effect","Timelapse Landscape","","Natural elements like clouds or crowds move rapidly. Peaceful, cinematic passage of time","MiniMax Hailuo","Motion Effect Preset","Cinematic / Film","People / Portrait; Landscape / Nature","","","","","","","","","High","motion","catalog_page","","https://higgsfield.ai/motion/d45f0a80-62b8-4651-bd62-0373a09b8f11"
"Preset / Effect","Giant Grab","","A colossal hand reaches down from above, seizing the subject with overwhelming force. Surreal, dramatic, and shocking.","Wan 2.5","Motion Effect Preset","Glitch / Experimental","People / Portrait","","","","","","","","","High","motion","catalog_page","","https://higgsfield.ai/motion/3f30deaa-dd4a-45c0-be8c-f350fc1008dc"
"Preset / Effect","Levitation","","The subject floats or rises smoothly off the ground, defying gravity. Creates a dreamy, magical, or surreal atmosphere perfect for fantasy or artistic visuals.","Wan 2.5","Motion Effect Preset","Glitch / Experimental; Fantasy / Sci-Fi","People / Portrait","","","","","","","","","High","motion","catalog_page","","https://higgsfield.ai/motion/52aa7be6-854f-45cb-930c-b98d64eb593c"
"Preset / Effect","Illustration Scene","","Transforms the scene into a drawn or sketched look—artistic and stylized.","MiniMax Hailuo","Motion Effect Preset","","People / Portrait","","","","","","","","","High","motion","catalog_page","","https://higgsfield.ai/motion/3891c001-6191-4c33-bcd2-e518736ea923"
"Preset / Effect","Disintegration","","A visual effect where the subject breaks apart into particles or dust, creating a surreal, emotional, or epic moment","Wan 2.5","Motion Effect Preset","Glitch / Experimental","People / Portrait; Abstract / Texture","","","","","","","","","High","motion","catalog_page","","https://higgsfield.ai/motion/4e981984-1cdc-4b96-a2b1-1a7c1ecb822d"
"Preset / Effect","CCTV","","Scene appears through a security cam lens. Gritty, realistic, or surveillance-style","MiniMax Hailuo","Motion Effect Preset","","","","","","","","","","","High","motion","catalog_page","","https://higgsfield.ai/motion/75b22ea3-edc4-4f1f-8c12-e31495350eb6"
"Preset / Effect","Motor Ride","","Subject riding a motorcycle, wind and motion adding energy to the shot.","Wan 2.5","Motion Effect Preset","","People / Portrait; Vehicles / Transport","","","","","","","","","High","motion","catalog_page","","https://higgsfield.ai/motion/df7b5f9f-bea0-4fc9-a790-381ba7f84aa9"
"Preset / Effect","Timelapse Human","","The subject stands still in the center as the world rushes around them. A surreal, time-bending effect that highlights presence in chaos","MiniMax Hailuo","Motion Effect Preset","Glitch / Experimental","People / Portrait","","","","","","","","","High","motion","catalog_page","","https://higgsfield.ai/motion/b4ba822f-9171-4547-997e-c86de335385e"
"Preset / Effect","Animalization","","The subject slowly transforms into a wild creature, their features merging with primal instincts. Ferocious and untamed.","Wan 2.5","Motion Effect Preset","","People / Portrait; Animals / Creatures","","","","","","","","","High","motion","catalog_page","","https://higgsfield.ai/motion/4678bff4-63e0-4272-a961-9b0b0c0746b1"
"Preset / Effect","Mummy","","Ancient bandages wrap tightly around the body, sealing the subject as an Egyptian mummy. Classic curse unleashed","MiniMax 2.3","Motion Effect Preset","","People / Portrait","","","","","","","","","High","motion","catalog_page","","https://higgsfield.ai/motion/76629ef1-ca01-481d-8874-e561a105a86c"
"Preset / Effect","Face Punch","","Captures the sharp, explosive moment of a punch to the face. High impact, raw energy—perfect for action, fight, or intense close-up shots.","Wan 2.5","Motion Effect Preset","","People / Portrait","","","","","","","","","High","motion","catalog_page","","https://higgsfield.ai/motion/cd5bfd11-5a1a-46e0-9294-b22b0b733b1e"
"Preset / Effect","Glam","","A high-speed camera moves smoothly around the subject, creating epic, slow-motion shots full of glamour and impact","Wan 2.5","Motion Effect Preset","","People / Portrait","","","","","","","","","High","motion","catalog_page","","https://higgsfield.ai/motion/5763f4ec-ea6b-449d-9509-4596962668a8"
"Preset / Effect","Melting","","The subject visibly softens and melts under intense heat—skin, clothes, or objects start to drip and distort. Evokes extreme temperature, tension, or surreal discomfort.","Wan 2.5","Motion Effect Preset","Glitch / Experimental","People / Portrait; Product / Object","","","","","","","","","High","motion","catalog_page","","https://higgsfield.ai/motion/d8c13031-7117-4a3d-9a30-6a00d0d408b4"
"Preset / Effect","Lens Crack","","Simulates a cracked camera lens with visible fractures and light distortion. Adds a raw, damaged, or chaotic feel—perfect for action, horror, or glitchy edits.","Wan 2.5","Motion Effect Preset","Glitch / Experimental; Horror / Thriller","","","","","","","","","","High","motion","catalog_page","","https://higgsfield.ai/motion/a7984a1f-f2ed-41a8-8a4c-4a66606ac6bb"
"Preset / Effect","Arc Left","","The camera curves gracefully around the subject to the left, adding a sense of movement, focus, and cinematic style. Ideal for emotional build-up or visual flair.","Wan 2.5","Motion Effect Preset","Cinematic / Film","People / Portrait","","","","","","","","","High","motion","catalog_page","","https://higgsfield.ai/motion/2a5d8f86-aef3-4b34-b5ee-fb2020daa131"
"Preset / Effect","Timelapse Glam","","Fast-forward makeup or glam routine. High-energy and perfect for beauty content","MiniMax Hailuo","Motion Effect Preset","","","","","","","","","","","High","motion","catalog_page","","https://higgsfield.ai/motion/4b2db33e-b163-484b-b33a-7b0a04d81ddf"
"Preset / Effect","Rapid Zoom Out","","Quick pull-back zoom to reveal surroundings or create surprise","MiniMax Hailuo","Motion Effect Preset","","","","","","","","","","","High","motion","catalog_page","","https://higgsfield.ai/motion/222b3cfc-5e24-44ee-b7f5-94deb2d2b514"
"Preset / Effect","Shadow Smoke","","The subject dissolves into dense black matter that spills like ink and swirls through the air, absorbing light before reassembling. Shadowy, mysterious, and fluid","Wan 2.5","Motion Effect Preset","","People / Portrait; Abstract / Texture","","","","","","","","","High","motion","catalog_page","","https://higgsfield.ai/motion/881b5e78-e585-43fb-ac73-a4207d824c88"
"Preset / Effect","Nature Bloom","","Flowers, vines, and greenery burst forth, wrapping the subject in radiant life. Fresh, organic, and vibrant.","Wan 2.5","Motion Effect Preset","","People / Portrait","","","","","","","","","High","motion","catalog_page","","https://higgsfield.ai/motion/fb65290f-a8ff-4cb5-8089-01347d23838a"
"Preset / Effect","Melt Transition","","The scene liquefies and drips away, dissolving smoothly into a new form. Surreal, fluid, and hypnotic.","Wan 2.5","Motion Effect Preset","Glitch / Experimental","People / Portrait","","","","","","","","","High","motion","catalog_page","","https://higgsfield.ai/motion/f064aa72-eb21-4691-a827-5f0fa9f4246c"
"Preset / Effect","Sunglasses","","Subject puts on or wears sunglasses—adds style, mystery, or coolness","MiniMax Hailuo","Motion Effect Preset","","People / Portrait","","","","","","","","","High","motion","catalog_page","","https://higgsfield.ai/motion/222a64a5-aa60-4a53-80ae-13dede1d1268"
"Preset / Effect","Crash Zoom Out","","Rapidly zooms out from the subject to reveal the full scene or create a sense of surprise, urgency, or comic effect. Great for dramatic reveals.","Wan 2.5","Motion Effect Preset","","People / Portrait","","","","","","","","","High","motion","catalog_page","","https://higgsfield.ai/motion/3972c090-a448-4fd4-b8f0-cb71b4b523ee"
"Preset / Effect","Angel Wings","","Wings spreading open behind person shoulders.","Wan 2.5","Motion Effect Preset","","People / Portrait","","","","","","","","","High","motion","catalog_page","","https://higgsfield.ai/motion/52ee95dd-087a-4f2a-b7e9-58f4d0abbef5"
"Preset / Effect","Plate Check","","Showing or inspecting a plate of food before eating.","Wan 2.5","Motion Effect Preset","","Food / Drink","","","","","","","","","High","motion","catalog_page","","https://higgsfield.ai/motion/c7b07954-31fb-4da3-b653-b693303b9c67"
"Preset / Effect","Skate Cruise","","Smooth, relaxed riding without tricks—just pushing and gliding through the streets. Feels calm, effortless, and stylish. Perfect for chill, aesthetic edits or street vibes.","Wan 2.5","Motion Effect Preset","","People / Portrait; Architecture / Interior","","","","","","","","","High","motion","catalog_page","","https://higgsfield.ai/motion/2f226790-7c90-4b17-be2b-b9f5ffe1510b"
"Preset / Effect","Fisheye","","A wide, distorted lens look that curves the edges of the frame, making everything appear rounded and exaggerated. Adds a fun, surreal, or edgy vibe to the shot.","Wan 2.5","Motion Effect Preset","Glitch / Experimental","People / Portrait; Animals / Creatures","","","","","","","","","High","motion","catalog_page","","https://higgsfield.ai/motion/a5915704-2b92-476b-b67b-3a1394c613cd"
"Preset / Effect","Flying","","Simulates a smooth, gliding flight through the scene, like soaring with a drone. Perfect for epic reveals, dynamic transitions, or creating a sense of freedom and flow.","Wan 2.5","Motion Effect Preset","Aerial / Drone","People / Portrait","","","","","","","","","High","motion","catalog_page","","https://higgsfield.ai/motion/d5ec4a6e-d982-4245-92eb-971c74505c9a"
"Preset / Effect","Collage","","Layered visuals, textures, or cutouts build a mixed-media look. Artistic and chaotic","MiniMax Hailuo","Motion Effect Preset","","Abstract / Texture","","","","","","","","","High","motion","catalog_page","","https://higgsfield.ai/motion/0d9830d2-4510-4472-9c70-98e1e314a86d"
"Preset / Effect","Water Bending","","The subject liquefies into a massive surge of clear water, rushing forward as a powerful wave before rising into a fluid human silhouette. Dynamic, flowing, and elemental","Wan 2.5","Motion Effect Preset","","People / Portrait; Food / Drink","","","","","","","","","High","motion","catalog_page","","https://higgsfield.ai/motion/b3c9d6c2-e1c9-4d92-8853-9d2d46e4b294"
"Preset / Effect","Flying + Set on Fire","","The subject soars through the air while fully engulfed in flames—trailing fire and heat with every movement. Intense, powerful, and perfect for explosive, supernatural action.","Wan 2.5","Motion Effect Preset","","People / Portrait","","","","","","","","","High","motion","catalog_page","","https://higgsfield.ai/motion/33a41f25-ef9d-4340-8d2d-be3e169e77d9"
"Preset / Effect","Jib Down","","The camera moves gently downward, focusing on the subject or revealing what's below. Perfect for dramatic entrances or scene reveals.","Wan 2.5","Motion Effect Preset","","People / Portrait","","","","","","","","","High","motion","catalog_page","","https://higgsfield.ai/motion/2057206c-09ef-40b2-9cc9-049e41a0b8bb"
"Preset / Effect","Bullet Time","","Time slows as the camera orbits the subject, highlighting power, style, or a key dramatic beat.","Wan 2.5","Motion Effect Preset","","People / Portrait","","","","","","","","","High","motion","catalog_page","","https://higgsfield.ai/motion/bb341c21-9548-4efb-8a91-b6202167b344"
"Preset / Effect","Freezing","","The subject slowly turns to ice—skin frosts over, breath becomes visible, and motion stops. Cold, dramatic, and perfect for supernatural, winter, or time-stopping effects.","Wan 2.5","Motion Effect Preset","","People / Portrait","","","","","","","","","High","motion","catalog_page","","https://higgsfield.ai/motion/777f1604-afee-406d-a711-bf1e0ea23c86"
"Preset / Effect","Outfit Check","","Multi-shot looking down or adjusting clothes to show off the fit.","Wan 2.5","Motion Effect Preset","","People / Portrait","","","","","","","","","High","motion","catalog_page","","https://higgsfield.ai/motion/cb27169d-aba4-43d9-8667-3292966b2de5"
"Preset / Effect","X-Ray","","Shows internal structure or bones through the subject. Scientific, surreal, or eerie","MiniMax Hailuo","Motion Effect Preset","Glitch / Experimental; Horror / Thriller","People / Portrait","","","","","","","","","High","motion","catalog_page","","https://higgsfield.ai/motion/5819f36e-5b0a-44ca-800e-98e380266b2d"
"Preset / Effect","Eyes In","","Moves the camera close to the subject’s eyes, creating an intense and emotional connection with the viewer","Wan 2.5","Motion Effect Preset","","People / Portrait","","","","","","","","","High","motion","catalog_page","","https://higgsfield.ai/motion/0ab33462-481e-4c78-8ffc-086bebd84187"
"Preset / Effect","Starship Troopers","","Alien creatures swarm the scene as the subject fights for survival. Action-packed, chaotic, and thrilling.","Wan 2.5","Motion Effect Preset","Fantasy / Sci-Fi","People / Portrait; Animals / Creatures; Vehicles / Transport","","","","","","","","","High","motion","catalog_page","","https://higgsfield.ai/motion/e99ef547-5a85-4c5a-a7ce-a87eaa9981a4"
"Preset / Effect","Hand Mouths","","Grotesque tongues emerge from the palms, licking and writhing. Disturbing body horror fusion","MiniMax Hailuo","Motion Effect Preset","Horror / Thriller","People / Portrait","","","","","","","","","High","motion","catalog_page","","https://higgsfield.ai/motion/1a8aab1e-25f7-43b7-89ad-d5bd55a2590f"
"Preset / Effect","Garden Bloom","","A lush visual effect where the entire body becomes enveloped in blooming flowers and greenery, as if nature reclaims the subject.","Wan 2.5","Motion Effect Preset","","People / Portrait","","","","","","","","","High","motion","catalog_page","","https://higgsfield.ai/motion/b25600ef-238e-448a-bb07-1ff74fd0207f"
"Preset / Effect","Flip","","The subject performs a front or backflip. Athletic, cool, and high-energy","MiniMax Hailuo","Motion Effect Preset","","People / Portrait","","","","","","","","","High","motion","catalog_page","","https://higgsfield.ai/motion/0264d345-94c3-4cb8-849f-7e0b71d13696"
"Preset / Effect","Horror Face","","A twisted visage flashes behind the subject, haunting them with sudden terror. Disturbing, eerie, and spine-chilling.","Wan 2.5","Motion Effect Preset","Horror / Thriller","People / Portrait","","","","","","","","","High","motion","catalog_page","","https://higgsfield.ai/motion/41ed27a0-8d93-482a-b743-17bb68af9e94"
"Preset / Effect","Dolly Zoom Out","","Moves the camera backward while zooming in, distorting perspective to heighten emotion or suspense. Perfect for dramatic reveals or intense moments.","Wan 2.5","Motion Effect Preset","","People / Portrait","","","","","","","","","High","motion","catalog_page","","https://higgsfield.ai/motion/520a2d8d-f9b2-4d0a-9fdf-85d02a13c976"
"Preset / Effect","Car Grip","","Attaches the camera to a car, capturing dynamic driving shots with smooth motion. Perfect for action scenes or showing movement from the vehicle’s perspective.","Wan 2.5","Motion Effect Preset","","People / Portrait; Vehicles / Transport","","","","","","","","","High","motion","catalog_page","","https://higgsfield.ai/motion/d4c62a9d-df77-4222-af4e-5645b81844e0"
"Preset / Effect","Action Run + Set on Fire","","The subject sprints at full speed while engulfed in flames—each stride leaving a fiery trail. A dramatic, high-stakes visual perfect for intense escape or hero moments.","Wan 2.5","Motion Effect Preset","","People / Portrait","","","","","","","","","High","motion","catalog_page","","https://higgsfield.ai/motion/cb9fcdea-32f6-42e4-b2ba-ef7d51abe8e5"
"Preset / Effect","Yacht","","Multi-shot glamour with ocean backdrop, perfect for luxury or travel vibes.","Wan 2.5","Motion Effect Preset","","Landscape / Nature","","","","","","","","","High","motion","catalog_page","","https://higgsfield.ai/motion/f078c9d9-366a-4cbb-a89a-c5b5aec660d1"
"Preset / Effect","Flying Cam Transition","","The camera dives and soars with dizzying speed, pulling the subject through a first-person flight. Immersive, thrilling, and dynamic.","Wan 2.5","Motion Effect Preset","","People / Portrait","","","","","","","","","High","motion","catalog_page","","https://higgsfield.ai/motion/e43378b9-b20b-4158-a626-745bbbcacdbd"
"Preset / Effect","Flame Transition","","Fire bursts outward, wrapping the subject in blazing energy as the frame ignites. Hot, fierce, and intense.","Wan 2.5","Motion Effect Preset","","People / Portrait","","","","","","","","","High","motion","catalog_page","","https://higgsfield.ai/motion/6641ebf5-1e07-4a8a-a435-b0ea374861e8"
"Preset / Effect","Lens Flare","","Light hits the lens, creating bright streaks or spots. Adds a dreamy, cinematic, or dramatic feel to your shots","Wan 2.5","Motion Effect Preset","Cinematic / Film","People / Portrait","","","","","","","","","High","motion","catalog_page","","https://higgsfield.ai/motion/97687e52-2cfc-4073-ae62-a00c057c2aa2"
"Preset / Effect","Glowing Fish","","Bioluminescent fish swim gracefully around the subject, casting soft, radiant light. Dreamlike, magical, and perfect for underwater, fantasy, or surreal scenes.","Wan 2.5","Motion Effect Preset","Glitch / Experimental; Fantasy / Sci-Fi","People / Portrait; Animals / Creatures; Food / Drink","","","","","","","","","High","motion","catalog_page","","https://higgsfield.ai/motion/cc0d5c9a-4047-459f-acce-75811f0ba729"
"Preset / Effect","Arc Right","","The camera circles gently to the right around the subject, creating dynamic depth and flow. Perfect for adding elegance or cinematic intensity to a scene.","Wan 2.5","Motion Effect Preset","Cinematic / Film","People / Portrait","","","","","","","","","High","motion","catalog_page","","https://higgsfield.ai/motion/f0eca915-e819-4295-a3c5-a46ac6e63a2a"
"Preset / Effect","Column Wipe","","Towering columns slide past, shifting the subject into a new scene. Structured, sleek, and architectural.","Wan 2.5","Motion Effect Preset","","People / Portrait","","","","","","","","","High","motion","catalog_page","","https://higgsfield.ai/motion/0b316480-075a-4999-bfde-c9710c0c6804"
"Preset / Effect","Morphskin","","The subject’s body morphs in real time—skin ripples, textures shift, and their form transforms into a new identity. Smooth, fluid, and perfect for shapeshifter or disguise effects.","Wan 2.5","Motion Effect Preset","","People / Portrait; Abstract / Texture","","","","","","","","","High","motion","catalog_page","","https://higgsfield.ai/motion/6308a9a6-877d-4fb1-be21-481638833983"
"Preset / Effect","Robo Arm","","Uses a high-speed robotic camera to create fast, precise, and cinematic movements. Ideal for smooth motion shots, product reveals, or dynamic transitions.","Wan 2.5","Motion Effect Preset","Cinematic / Film","Product / Object","","","","","","","","","High","motion","catalog_page","","https://higgsfield.ai/motion/1bd4363a-6e5a-4c57-90a5-30f0733a769b"
"Preset / Effect","Moonwalk Right","","A smooth, gliding backward walk while facing forward, moving to the right. Iconic, stylish, and full of retro energy—perfect for dance or character flair.","Wan 2.5","Motion Effect Preset","Retro / VHS / Analog","People / Portrait","","","","","","","","","High","motion","catalog_page","","https://higgsfield.ai/motion/c9da59da-aabd-4fd5-a7c8-f09a1d9f9f50"
"Preset / Effect","Buckle Up","","Low angle shot from beneath, as if filmed through a transparent glass floor, revealing the person’s figure and soles, creating a dynamic, voyeuristic perspective.","Wan 2.5","Motion Effect Preset","","People / Portrait","","","","","","","","","High","motion","catalog_page","","https://higgsfield.ai/motion/4ef72175-227a-418b-923d-2831dcdf7d4f"
"Preset / Effect","Dolly Zoom In","","Moves the camera forward while zooming out, warping perspective and creating a dramatic, unsettling effect. Great for shock, realization, or tension.","Wan 2.5","Motion Effect Preset","","People / Portrait","","","","","","","","","High","motion","catalog_page","","https://higgsfield.ai/motion/7d1c4551-e7cb-4728-b473-6b0b85f82b44"
"Preset / Effect","Selfie Outfit","","Full or half-body selfie focused on showcasing the outfit. Great for fashion or fit checks","MiniMax Hailuo","Motion Effect Preset","UGC / Handheld; Fashion / Editorial","People / Portrait","","","","","","","","","High","motion","catalog_page","","https://higgsfield.ai/motion/960fc434-8aa9-4c5a-b2fd-8d896e5ff771"
"Preset / Effect","Mystification","","Smoke and illusions swirl, concealing the subject in layers of enigmatic mystery. Magical, secretive, and entrancing.","Wan 2.5","Motion Effect Preset","","People / Portrait; Abstract / Texture","","","","","","","","","High","motion","catalog_page","","https://higgsfield.ai/motion/a3179faa-bd6e-4c2f-be7f-b74425c740bd"
"Preset / Effect","Caught in Action","","A sudden scene where a police officer grabs the subject, triggering a fast-paced fight. Intense, cinematic, and full of raw energy","MiniMax Hailuo","Motion Effect Preset","Cinematic / Film","People / Portrait; Architecture / Interior","","","","","","","","","High","motion","catalog_page","","https://higgsfield.ai/motion/33bee4a1-a5e5-4f14-9cbb-6eaee0d53219"
"Preset / Effect","Car Chasing","","Follows fast-moving cars with dynamic camera angles to create thrilling, high-speed chase scenes. Ideal for action-packed sequences and cinematic intensity.","Wan 2.5","Motion Effect Preset","Cinematic / Film","Vehicles / Transport","","","","","","","","","High","motion","catalog_page","","https://higgsfield.ai/motion/a76f2e99-0a41-4fdf-934d-9c95b0ee85bf"
"Preset / Effect","Downhill POV","","Simulates a fast, first-person ride down a slope with tight turns and bumps. Feels immersive, thrilling, and adrenaline-packed.","Wan 2.5","Motion Effect Preset","","People / Portrait","","","","","","","","","High","motion","catalog_page","","https://higgsfield.ai/motion/67a2ba8e-7f5a-4969-95f8-1326f44ba784"
"Preset / Effect","Plasma Explosion","","A sphere of raw plasma bursts outward, engulfing the subject in a radiant shockwave. Electrifying, explosive, and cosmic.","Wan 2.5","Motion Effect Preset","","People / Portrait","","","","","","","","","High","motion","catalog_page","","https://higgsfield.ai/motion/fda25365-9d4e-4f0f-9bd4-ed2cc5ae6981"
"Preset / Effect","Focus Change","","Shifts the focus from one subject to another in the same shot, guiding the viewer’s attention. Great for storytelling, reveals, or emotional emphasis.","Wan 2.5","Motion Effect Preset","","People / Portrait","","","","","","","","","High","motion","catalog_page","","https://higgsfield.ai/motion/0753d80c-7369-4682-b725-8729ab638224"
"Preset / Effect","Snowboard Carving","","Highlights deep, controlled turns on a snowboard, with snow spraying out as the board slices the slope. Stylish and precise.","Wan 2.5","Motion Effect Preset","","People / Portrait","","","","","","","","","High","motion","catalog_page","","https://higgsfield.ai/motion/2b17efea-9ae2-4f68-a934-3e8722abb955"
"Preset / Effect","Lazy Susan","","Rotates the camera smoothly around a still subject, like it's on a turntable. Great for stylish product shots or dramatic character reveals.","Wan 2.5","Motion Effect Preset","Product / Commercial","People / Portrait; Product / Object","","","","","","","","","High","motion","catalog_page","","https://higgsfield.ai/motion/025866ff-677c-4af2-92ef-52d6ec3b035e"
"Preset / Effect","Oni Mask","","Subject wearing or revealing a dramatic Oni mask for impact.","Wan 2.5","Motion Effect Preset","","People / Portrait","","","","","","","","","High","motion","catalog_page","","https://higgsfield.ai/motion/65b31c01-c7fb-4346-befc-698936ecd51d"
"Preset / Effect","Timelapse Human","","Speeds up human motion while the environment stays natural, showing quick movements like walking, dressing, or dancing. Adds energy, urgency, or a surreal, fast-forwarded feel.","Wan 2.5","Motion Effect Preset","Glitch / Experimental","People / Portrait","","","","","","","","","High","motion","catalog_page","","https://higgsfield.ai/motion/b8789aa0-bced-4d69-9eca-7245ee9ce7db"
"Preset / Effect","Happy","","Pure, expressive joy — smiling, laughing, and carefree movement.","Wan 2.5","Motion Effect Preset","","","","","","","","","","","High","motion","catalog_page","","https://higgsfield.ai/motion/236bf362-b202-4970-92da-bdc181e63d38"
"Preset / Effect","Paparazzi","","Flashes burst rapidly around the subject, simulating a crowd of cameras snapping photos. Glamorous, chaotic, or overwhelming—perfect for celebrity, fashion, or red carpet vibes.","Wan 2.5","Motion Effect Preset","Fashion / Editorial","People / Portrait","","","","","","","","","High","motion","catalog_page","","https://higgsfield.ai/motion/3d87df66-7d1e-4d1d-a3b1-faf901bdcaac"
"Preset / Effect","General","","A balanced, all-purpose camera style with natural movement and clean framing. Works well for any scene, offering a neutral look without dramatic effects.","Wan 2.5","Motion Effect Preset","","","","","","","","","","","High","motion","catalog_page","","https://higgsfield.ai/motion/6e4e30fb-fe99-4df7-b3ab-10e16c6e0218"
"Preset / Effect","Floral Eyes","","An enchanting transformation where vibrant flowers blossom from the subject’s face, merging nature with identity.","Wan 2.5","Motion Effect Preset","","People / Portrait","","","","","","","","","High","motion","catalog_page","","https://higgsfield.ai/motion/15f877f1-ccf8-4cc3-8269-6c7cfb028259"
"Preset / Effect","Earth Wave","","The subject crumbles into flowing soil and stone, surging across the ground as a rolling wave of earth before reforming in a new location. Grounded, elemental, and transformative","Wan 2.5","Motion Effect Preset","","People / Portrait","","","","","","","","","High","motion","catalog_page","","https://higgsfield.ai/motion/fb52e9a0-c6e2-498e-8adb-6611b80808e3"
"Preset / Effect","FPV Drone + Timelapse Landscape","","A fast, fluid drone flight over a landscape with time sped up—clouds race, light shifts, and the world transforms beneath the lens. Dreamy and dynamic.","Wan 2.5","Motion Effect Preset","Aerial / Drone","People / Portrait; Landscape / Nature","","","","","","","","","High","motion","catalog_page","","https://higgsfield.ai/motion/4f016058-bdcf-450b-9ec1-273fb98c927c"
"Preset / Effect","Water Element","","Waves surge and droplets cascade as the subject is enveloped in flowing liquid motion. Refreshing, fluid, and dynamic.","Wan 2.5","Motion Effect Preset","","People / Portrait; Food / Drink; Abstract / Texture","","","","","","","","","High","motion","catalog_page","","https://higgsfield.ai/motion/ef6175ef-51dc-4cbe-926a-b82dbce66ec8"
"Preset / Effect","Head Off","","The subject’s head detaches and floats or vanishes while the body remains standing. Surreal, eerie, or humorous—perfect for fantasy, glitch, or dreamlike visuals.","Wan 2.5","Motion Effect Preset","Glitch / Experimental; Product / Commercial; Fantasy / Sci-Fi; Horror / Thriller","People / Portrait","","","","","","","","","High","motion","catalog_page","","https://higgsfield.ai/motion/645b3b79-f6f5-4e9b-83d7-f9dd526ac624"
"Preset / Effect","Flashback","","Soft, nostalgic framing with a past-memory vibe.","Wan 2.5","Motion Effect Preset","","","","","","","","","","","High","motion","catalog_page","","https://higgsfield.ai/motion/f31f9d2e-cfd8-4375-9242-84c6b04826ba"
"Preset / Effect","Beach Ride","","A taxi takes a subject to a scenic beach.","Wan 2.5","Motion Effect Preset","","People / Portrait; Landscape / Nature","","","","","","","","","High","motion","catalog_page","","https://higgsfield.ai/motion/051dda1d-fcb8-44e7-a451-7ad256886293"
"Preset / Effect","Dolly In","","Moves the camera smoothly toward the subject, drawing viewers closer and building focus or emotion. Ideal for intense or intimate moments.","Wan 2.5","Motion Effect Preset","","People / Portrait; Architecture / Interior","","","","","","","","","High","motion","catalog_page","","https://higgsfield.ai/motion/8d582076-10e2-40f7-bbef-6384532147c2"
"Preset / Effect","Jib down","","Camera descends toward the subject. Good for intros, reveals, or building mood","MiniMax Hailuo","Motion Effect Preset","","People / Portrait; Architecture / Interior","","","","","","","","","High","motion","catalog_page","","https://higgsfield.ai/motion/4e2318ed-572e-4d5a-bcf9-7e70e4755a52"
"Preset / Effect","360 Orbit","","The camera smoothly circles all the way around the subject, creating a dynamic, immersive view. Perfect for dramatic reveals, showcasing outfits, or adding visual energy.","Wan 2.5","Motion Effect Preset","","People / Portrait","","","","","","","","","High","motion","catalog_page","","https://higgsfield.ai/motion/d7c180bc-793c-4d29-83ba-c2d5e84e53d4"
"Preset / Effect","Thunder God","","Eyes glow with intense, electric energy while lightning flickers around the subject. Evokes divine power, rage, or transformation—perfect for epic, supernatural moments.","Wan 2.5","Motion Effect Preset","","People / Portrait","","","","","","","","","High","motion","catalog_page","","https://higgsfield.ai/motion/ca0568ee-6a0f-4134-a4ee-97dfe44753ba"
"Preset / Effect","Screamer","","A sudden, distorted face with a piercing shriek. The ultimate jump-scare moment","MiniMax 2.3","Motion Effect Preset","","People / Portrait","","","","","","","","","High","motion","catalog_page","","https://higgsfield.ai/motion/55d9f3d5-26cd-4300-92e6-785c25bc0f49"
"Preset / Effect","Glowshift","","The subject is surrounded by a soft, magical light as their form shifts into someone else. Smooth and mystical—perfect for illusions, disguises, or magical transformations.","Wan 2.5","Motion Effect Preset","","People / Portrait","","","","","","","","","High","motion","catalog_page","","https://higgsfield.ai/motion/17539882-734b-4726-9e9a-1b1d92f4054c"
"Preset / Effect","Splash Transition","","A crashing wall of water engulfs the subject, dissolving seamlessly into the next shot. Energetic, fluid, and powerful.","Wan 2.5","Motion Effect Preset","","People / Portrait; Food / Drink","","","","","","","","","High","motion","catalog_page","","https://higgsfield.ai/motion/105c744b-05bf-44ae-ba34-5a7144f4ec46"
"Preset / Effect","Car Explosion","","A car bursts into flames and debris, creating a powerful, high-impact shot full of action and intensity","Wan 2.5","Motion Effect Preset","","Vehicles / Transport","","","","","","","","","High","motion","catalog_page","","https://higgsfield.ai/motion/e0394620-9694-441b-b3f8-a4230abcd9ac"
"Preset / Effect","Mirror Selfie","","Captured in front of a mirror, showing both the subject and phone. Classic, personal, and casual.","MiniMax Hailuo","Motion Effect Preset","UGC / Handheld","People / Portrait; Product / Object","","","","","","","","","High","motion","catalog_page","","https://higgsfield.ai/motion/c4fc76cf-759d-4bb5-b8fc-a96eb2a67aac"
"Preset / Effect","Moonwalk Left","","The classic gliding move performed while moving left, with the body facing forward. Timeless, smooth, and packed with cool retro style.","Wan 2.5","Motion Effect Preset","Retro / VHS / Analog","People / Portrait","","","","","","","","","High","motion","catalog_page","","https://higgsfield.ai/motion/9ac92661-d0f7-4b5e-85b1-f3654cb4627b"
"Preset / Effect","Wiggle","","Combines slight shaky “wiggle” motion with a smooth zoom or pan to reveal the subject. Adds playful energy and keeps the shot dynamic and engaging, perfect for stylish intros or creative reveals.","Wan 2.5","Motion Effect Preset","","People / Portrait","","","","","","","","","High","motion","catalog_page","","https://higgsfield.ai/motion/fbc42e4f-222c-4c79-a5f2-b3a23d169376"
"Preset / Effect","Dutch Angle","","Tilts the camera to create a slanted horizon, adding tension, unease, or a stylized look. Perfect for thrillers, dream sequences, or edgy vibes.","Wan 2.5","Motion Effect Preset","Horror / Thriller","People / Portrait","","","","","","","","","High","motion","catalog_page","","https://higgsfield.ai/motion/28a18555-b8ed-4cac-aad6-40ecaaad9345"
"Preset / Effect","Head Explosion","","The subject’s head bursts in a dramatic blast of particles, fire, or surreal effects. Shocking, intense, and perfect for horror, dark comedy, or mind-blowing moments.","Wan 2.5","Motion Effect Preset","Glitch / Experimental; Product / Commercial; Horror / Thriller","People / Portrait; Abstract / Texture","","","","","","","","","High","motion","catalog_page","","https://higgsfield.ai/motion/e0eb7a70-2fe7-4547-b3d6-dea44c41d41f"
"Preset / Effect","Action Run","","Follows the subject in fast-paced motion, often with shaky cam and dynamic angles. Perfect for chase scenes, high-energy moments, or intense action shots.","Wan 2.5","Motion Effect Preset","","People / Portrait","","","","","","","","","High","motion","catalog_page","","https://higgsfield.ai/motion/89ee6db9-a56e-48e6-bdd4-806c528b3ba5"
"Preset / Effect","Car Chasing + Building Explosion","","A high-speed car pursuit unfolds as a massive explosion erupts from a nearby building—flames and debris fill the scene. Pure cinematic chaos, packed with action and adrenaline.","Wan 2.5","Motion Effect Preset","Cinematic / Film","People / Portrait; Vehicles / Transport; Architecture / Interior","","","","","","","","","High","motion","catalog_page","","https://higgsfield.ai/motion/54791805-4c3d-4878-ad38-eebded133f0b"
"Preset / Effect","Roll Transition","","The scene spins forward like a rolling wheel, smoothly transitioning from the start frame to the end frame. Clean, dynamic, and perfect for stylish edits or seamless scene changes.","Wan 2.5","Motion Effect Preset","","People / Portrait","","","","","","","","","High","motion","catalog_page","","https://higgsfield.ai/motion/a8e2bc3a-e78e-42aa-a0e6-79bc01141ed3"
"Preset / Effect","Maggot Swarm","","Maggots burst from the mouth and eyes, crawling everywhere. Pure body horror nightmare fuel","MiniMax 2.3","Motion Effect Preset","Horror / Thriller","People / Portrait","","","","","","","","","High","motion","catalog_page","","https://higgsfield.ai/motion/f003fcb9-2901-4e0a-9eee-baaea41b7d6d"
"Preset / Effect","Turning Metal","","The subject’s skin and body slowly transform into reflective, metallic surfaces—like silver, gold, or chrome. Feels powerful, surreal, and perfect for sci-fi or high-fashion edits.","Wan 2.5","Motion Effect Preset","Glitch / Experimental; Fashion / Editorial; Fantasy / Sci-Fi","People / Portrait","","","","","","","","","High","motion","catalog_page","","https://higgsfield.ai/motion/46e23a6b-1047-40f1-9cf5-33f5f55ddf2e"
"Preset / Effect","Soul Jump","","The subject’s soul visibly leaves the body—floating or leaping outward in a surreal, dreamlike motion. Perfect for magical, spiritual, or out-of-body visuals.","Wan 2.5","Motion Effect Preset","Glitch / Experimental","People / Portrait","","","","","","","","","High","motion","catalog_page","","https://higgsfield.ai/motion/b8c1c065-2d00-4583-ac52-4e89ec2d2641"
"Preset / Effect","Crane Up","","Lifts the camera smoothly upward using a crane, revealing the scene below or creating an epic rising shot. Great for transitions, reveals, or emotional build-up.","Wan 2.5","Motion Effect Preset","","People / Portrait","","","","","","","","","High","motion","catalog_page","","https://higgsfield.ai/motion/2da63d27-94e0-48e0-8e2e-936274bd176e"
"Preset / Effect","Hyperlapse","","A moving timelapse where the camera travels through space over time, creating a fast, fluid journey. Perfect for dynamic cityscapes, travel scenes, or visual storytelling.","Wan 2.5","Motion Effect Preset","","People / Portrait; Architecture / Interior","","","","","","","","","High","motion","catalog_page","","https://higgsfield.ai/motion/2dec4bb0-5d8d-4a2d-bd9f-242ec613a9fb"
"Preset / Effect","Medusa Gorgona","","The subject’s body slowly hardens and cracks as skin turns to cold, gray stone—freezing in place like a living statue. A dramatic, mythical transformation perfect for fantasy or curse effects.","Wan 2.5","Motion Effect Preset","Fantasy / Sci-Fi","People / Portrait","","","","","","","","","High","motion","catalog_page","","https://higgsfield.ai/motion/b969c197-7906-48cb-bb06-313470ac1028"
"Preset / Effect","Firework","","Explosions of sparkling light burst around the subject, illuminating the scene with celebratory brilliance. Energetic and festive.","Wan 2.5","Motion Effect Preset","","People / Portrait","","","","","","","","","High","motion","catalog_page","","https://higgsfield.ai/motion/75b85450-71d1-43f2-bbc0-e51157660ac4"
"Preset / Effect","Super Dolly In","","Smoothly moves the camera straight toward the subject for a focused, cinematic effect. Great for building tension, emotion, or spotlighting key moments.","Wan 2.5","Motion Effect Preset","Cinematic / Film","People / Portrait; Architecture / Interior","","","","","","","","","High","motion","catalog_page","","https://higgsfield.ai/motion/1c2140b0-0847-4a74-a3d9-f0298aec817d"
"Preset / Effect","Northern Lights","","Waves of colorful auroras ripple across the sky, bathing the subject in cosmic beauty. Majestic, serene, and celestial.","Wan 2.5","Motion Effect Preset","","People / Portrait; Landscape / Nature","","","","","","","","","High","motion","catalog_page","","https://higgsfield.ai/motion/e64ba623-e3dc-4149-95f5-2747c5faba6a"
"Preset / Effect","Timelapse Landscape","","Captures the rapid movement of natural elements like clouds, sunlight, or crowds over time. Creates a majestic, dreamlike view of changing landscapes and passing moments.","Wan 2.5","Motion Effect Preset","","People / Portrait; Landscape / Nature","","","","","","","","","High","motion","catalog_page","","https://higgsfield.ai/motion/128ab1d9-f6d3-4a06-8a5c-ba47f16e37ed"
"Preset / Effect","Road Rush","","The scene blurs with high-speed car motion, creating intense forward momentum. Perfect for thrill and chase moments","MiniMax Hailuo","Motion Effect Preset","Product / Commercial","People / Portrait; Vehicles / Transport","","","","","","","","","High","motion","catalog_page","","https://higgsfield.ai/motion/c9c68a56-1f59-46d9-90f2-ee8535f0511d"
"Preset / Effect","Overhead","","The camera is positioned above the subject, smoothly tracking their movement. Great for showing layout, movement, or creating a stylized, cinematic look.","Wan 2.5","Motion Effect Preset","Cinematic / Film; Product / Commercial","People / Portrait","","","","","","","","","High","motion","catalog_page","","https://higgsfield.ai/motion/cdb0b964-5bd6-4a26-8ae6-7fe605a28dc9"
"Preset / Effect","BTS","","The camera zooms out to reveal the behind-the-scenes setup—lights, crew, and chaos. Real, raw, and unexpectedly funny","MiniMax Hailuo","Motion Effect Preset","","People / Portrait","","","","","","","","","High","motion","catalog_page","","https://higgsfield.ai/motion/b779cfda-9624-4f61-80bc-f5d0461f3959"
"Preset / Effect","Lazy Susan + Super Dolly Out","","Rotates around the subject while smoothly pulling away, creating a stylish, cinematic reveal. Feels elegant, dramatic, and fashion-forward.","Wan 2.5","Motion Effect Preset","Cinematic / Film; Fashion / Editorial","People / Portrait","","","","","","","","","High","motion","catalog_page","","https://higgsfield.ai/motion/bf81db64-714e-4195-acd4-21065b317dd4"
"Preset / Effect","Visor X","","A futuristic visor drops into place, glowing with neon data streams. High-tech, sleek, and cybernetic.","Wan 2.5","Motion Effect Preset","","","","","","","","","","","High","motion","catalog_page","","https://higgsfield.ai/motion/94ed54b9-7db0-4778-a8ec-0729ef092b46"
"Preset / Effect","Monstrosity","","The subject mutates grotesquely, growing monstrous limbs and terrifying features. Dark, grotesque, and shocking.","Wan 2.5","Motion Effect Preset","","People / Portrait","","","","","","","","","High","motion","catalog_page","","https://higgsfield.ai/motion/c918c004-b1fa-482f-8a4b-a23018036b77"
"Preset / Effect","Tattoo Animation","","Tattoos crawl and shift across the subject’s skin, coming alive with vivid motion. Stylish, edgy, and mesmerizing.","Wan 2.5","Motion Effect Preset","","People / Portrait","","","","","","","","","High","motion","catalog_page","","https://higgsfield.ai/motion/d5ff2bb8-d82d-4ade-b807-e075af15aae6"
"Preset / Effect","General","","Neutral setup that works in most situations. Balanced and flexible","MiniMax Hailuo","Motion Effect Preset","","","","","","","","","","","High","motion","catalog_page","","https://higgsfield.ai/motion/446b5239-4281-4a2c-a353-0de562e405bc"
"Preset / Effect","Live Concert","","Simulates the energy of a concert scene—flashing lights, crowd vibes, and high-volume atmosphere","MiniMax Hailuo","Motion Effect Preset","","People / Portrait","","","","","","","","","High","motion","catalog_page","","https://higgsfield.ai/motion/bf8444a7-c778-451f-b633-74f62aa23e98"
"Preset / Effect","Selfie","","The subject looks directly into the camera—frontal, personal, and intimate. Perfect for casual or expressive moments.","MiniMax Hailuo","Motion Effect Preset","UGC / Handheld","People / Portrait","","","","","","","","","High","motion","catalog_page","","https://higgsfield.ai/motion/56fc972e-221d-4064-92e3-bf2002c03b05"
"Preset / Effect","Earth Element","","Cracks form and stones rise as the subject emerges from the ground’s raw power. Strong, grounded, and elemental.","Wan 2.5","Motion Effect Preset","","People / Portrait","","","","","","","","","High","motion","catalog_page","","https://higgsfield.ai/motion/804cfc3a-e251-4ddf-86d4-46066d0ff7be"
"Preset / Effect","Baseball Kick","","Captures the moment of a powerful baseball-style kick, with fast leg motion and dramatic impact. Perfect for action or stylized sports edits.","Wan 2.5","Motion Effect Preset","","People / Portrait","","","","","","","","","High","motion","catalog_page","","https://higgsfield.ai/motion/c2ece0f5-8775-4f8e-924b-b134907b51ad"
"Preset / Effect","Jib Up","","The camera lifts smoothly upward in a vertical motion, revealing more of the scene or emphasizing height. Great for epic intros or transitions.","Wan 2.5","Motion Effect Preset","","People / Portrait","","","","","","","","","High","motion","catalog_page","","https://higgsfield.ai/motion/c22b1586-837b-480f-a456-d4e8ba9c3a4b"
"Preset / Effect","Crying","","Tears roll down the subject’s face with expressive emotion. Ideal for drama, sadness, or vulnerability.","MiniMax Hailuo","Motion Effect Preset","","People / Portrait","","","","","","","","","High","motion","catalog_page","","https://higgsfield.ai/motion/4c5463f1-7226-4544-b5a6-4e7299a615dd"
"Preset / Effect","Set on Fire","","The subject bursts into flames in an instant, engulfed by intense fire. Dramatic and powerful—perfect for action scenes, supernatural moments, or explosive visuals.","Wan 2.5","Motion Effect Preset","","People / Portrait","","","","","","","","","High","motion","catalog_page","","https://higgsfield.ai/motion/06b50d3a-65a9-432b-bf0b-493fc3dcc006"
"Preset / Effect","Static Posing","","The subject poses confidently in front of a completely still camera. Clean, focused, and ideal for fashion or profile shots","MiniMax Hailuo","Motion Effect Preset","Fashion / Editorial","People / Portrait","","","","","","","","","High","motion","catalog_page","","https://higgsfield.ai/motion/a3906ccc-123f-4fc1-a8c6-3d038f3c3c93"
"Preset / Effect","Basketball Dunks","","Captures the high-energy motion of a person jumping and slamming a basketball into the hoop. Powerful, athletic, and dramatic—perfect for sports or hype edits.","Wan 2.5","Motion Effect Preset","","People / Portrait","","","","","","","","","High","motion","catalog_page","","https://higgsfield.ai/motion/ef9d53c6-1d26-4671-950e-ef2bd2a5b778"
"Preset / Effect","Tilt Down","","Rotates the camera angle downward, revealing what’s below or shifting focus. Great for dramatic reveals, transitions, or guiding the viewer’s eye.","Wan 2.5","Motion Effect Preset","","People / Portrait","","","","","","","","","High","motion","catalog_page","","https://higgsfield.ai/motion/1958a932-8ffb-4f1a-a5cd-480858f6ae84"
"Preset / Effect","Building Explosion","","A building erupts in a massive blast, sending debris flying. Creates a powerful moment perfect for action scenes","Wan 2.5","Motion Effect Preset","","Architecture / Interior","","","","","","","","","High","motion","catalog_page","","https://higgsfield.ai/motion/0d53b135-337d-4918-aaf4-2af7ecf4f045"
"Preset / Effect","Jelly Drift","","Three translucent glowing jellyfish float into the frame behind her, moving elegantly through the air. The woman interacts gently with the jellyfish.","Wan 2.5","Motion Effect Preset","","People / Portrait; Animals / Creatures","","","","","","","","","High","motion","catalog_page","","https://higgsfield.ai/motion/61b802b1-4594-4758-9c4a-524f7bb39840"
"Preset / Effect","Vampire Transformation","","Fangs extend, skin pales, eyes glow red with bloodlust. Immortal creature of the night","MiniMax 2.3","Motion Effect Preset","","People / Portrait; Animals / Creatures","","","","","","","","","High","motion","catalog_page","","https://higgsfield.ai/motion/da3e5420-7d12-4654-a684-a2fe9dace6ed"
"Preset / Effect","Zoom In","","Gradually moves closer to the subject, building focus, tension, or emotional intensity","Wan 2.5","Motion Effect Preset","","People / Portrait; Architecture / Interior","","","","","","","","","High","motion","catalog_page","","https://higgsfield.ai/motion/a3a3db5d-d3c5-4d95-b429-235ae3d1ee82"
"Preset / Effect","Crash Zoom In","","Quickly zooms into the subject to create a dramatic, intense effect. Perfect for highlighting reactions or adding sudden focus in your video.","Wan 2.5","Motion Effect Preset","","People / Portrait","","","","","","","","","High","motion","catalog_page","","https://higgsfield.ai/motion/a2dddb76-03fa-429e-9905-577bffdf9d38"
"Preset / Effect","Angry Mode","","Facial tension and strong expressions convey frustration or rage. Bold and emotional","MiniMax Hailuo","Motion Effect Preset","","","","","","","","","","","High","motion","catalog_page","","https://higgsfield.ai/motion/464983d8-1a37-467f-b7f7-2bde2d31c495"
"Preset / Effect","Peak Moment","","Climactic action or pose at the emotional high of the scene.","Wan 2.5","Motion Effect Preset","","People / Portrait","","","","","","","","","High","motion","catalog_page","","https://higgsfield.ai/motion/28849edd-18ac-4166-af85-158be42b7cd0"
"Preset / Effect","Head Tracking","","Keeps the camera locked to the subject’s head movement, making the background shift while the face stays centered. Ideal for immersive, POV-like effects.","Wan 2.5","Motion Effect Preset","Product / Commercial","People / Portrait","","","","","","","","","High","motion","catalog_page","","https://higgsfield.ai/motion/fe520e06-7971-4f28-9e10-e45911c57bb6"
"Preset / Effect","Crane Over The Head + Crash Zoom In","","Starts with a smooth overhead rise, then suddenly zooms into the subject for dramatic impact. Combines epic buildup with an intense punch-in moment.","Wan 2.5","Motion Effect Preset","Product / Commercial","People / Portrait","","","","","","","","","High","motion","catalog_page","","https://higgsfield.ai/motion/cc664502-7fdc-412e-8fd7-6af310c8891b"
"Preset / Effect","Red Carpet","","Glamorous entrance with camera flashes and confident posing on a red carpet.","Wan 2.5","Motion Effect Preset","","","","","","","","","","","High","motion","catalog_page","","https://higgsfield.ai/motion/a3469020-4d6e-4073-93c1-33202c5147f0"
"Preset / Effect","Ghostly Disintegration","","The subject painfully tears apart and dissolves into a translucent ghost. Agonizing supernatural death","MiniMax","Motion Effect Preset","","People / Portrait","","","","","","","","","High","motion","catalog_page","","https://higgsfield.ai/motion/32aa3a10-5e8f-4672-bfc1-f724e3306365"
"Preset / Effect","Spiders from Mouth","","Creepy VFX where spiders crawl out of the subject’s mouth. Horror, shock, or surrealism","MiniMax Hailuo","Motion Effect Preset","Photorealistic; Glitch / Experimental; Horror / Thriller","People / Portrait","","","","","","","","","High","motion","catalog_page","","https://higgsfield.ai/motion/c5576bd6-2662-4b03-a20e-82dfc5e07da2"
"Preset / Effect","Spirit Animal","","Subject interacting with an animal’s energy or pose.","Wan 2.5","Motion Effect Preset","","People / Portrait; Animals / Creatures","","","","","","","","","High","motion","catalog_page","","https://higgsfield.ai/motion/8f96cc9e-50e0-4a80-a21c-831a2790574d"
"Preset / Effect","Pool Jump","","Captures a splashy leap into water with dynamic timing and fun energy","MiniMax Hailuo","Motion Effect Preset","","Food / Drink","","","","","","","","","High","motion","catalog_page","","https://higgsfield.ai/motion/87057daa-5a36-4517-b782-63387ed55de9"
"Preset / Effect","Push To Glass","","The subject is forcefully pushed against an invisible glass surface—face and body squash and distort on impact. Intense, dramatic, and perfect for adding tension or comedic exaggeration.","Wan 2.5","Motion Effect Preset","","People / Portrait","","","","","","","","","High","motion","catalog_page","","https://higgsfield.ai/motion/d79c48c4-38ba-45d2-ae1c-70cd5924ccc3"
"Preset / Effect","Black Tears","","Thick, dark liquid streams from the subject’s eyes, creating a haunting, emotional, or supernatural effect. Perfect for horror, sorrowful moments, or eerie visual storytelling.","Wan 2.5","Motion Effect Preset","Horror / Thriller","People / Portrait; Abstract / Texture","","","","","","","","","High","motion","catalog_page","","https://higgsfield.ai/motion/6b49273d-2164-4af4-8e38-971ad7ab6516"
"Preset / Effect","Through Object Out","","Camera moves outward through an object to reveal a scene. Smooth, cinematic transition","MiniMax Hailuo","Motion Effect Preset","Cinematic / Film","Product / Object","","","","","","","","","High","motion","catalog_page","","https://higgsfield.ai/motion/74deef0a-692e-465d-a548-f7bc890cb9c1"
"Preset / Effect","Earth Zoom Out","","The camera pulls back rapidly from the subject to reveal their city, then the continent, and finally the entire Earth. Epic and cinematic—perfect for transitions, scale, or storytelling.","Wan 2.5","Motion Effect Preset","Cinematic / Film","People / Portrait; Architecture / Interior","","","","","","","","","High","motion","catalog_page","","https://higgsfield.ai/motion/70e490b9-26b7-4572-8d9c-2ac8dcc9adc0"
"Preset / Effect","Turning Metal + Eyes In","","A metallic layer gradually spreads over the character’s body. The camera slowly pushes in, focusing on the transformation. It ends locked on the character’s eyes as they turn to reflective chrome.","Wan 2.5","Motion Effect Preset","","People / Portrait","","","","","","","","","High","motion","catalog_page","","https://higgsfield.ai/motion/7e7d313e-1fb1-44a4-bd89-ec66e1f17ec9"
"Preset / Effect","Rap Flex","","Mimics iconic camera moves from rap music videos—smooth slides, low angles, and slow zooms. Perfect for giving your video a bold, confident, star-like vibe.","Wan 2.5","Motion Effect Preset","","","","","","","","","","","High","motion","catalog_page","","https://higgsfield.ai/motion/dc292dd4-12aa-431a-a576-48adb132dd55"
"Preset / Effect","Horned Witch","","Transform into a powerful horned witch with mystical darkness. Bewitched and dangerous","MiniMax 2.3","Motion Effect Preset","","","","","","","","","","","High","motion","catalog_page","","https://higgsfield.ai/motion/be9dae7a-1267-4cd8-8c38-76433bed104d"
"Preset / Effect","Shadow","","A creeping shadow wraps around the subject until it fully consumes them. Dark, dramatic, and visually striking","MiniMax Hailuo","Motion Effect Preset","","People / Portrait","","","","","","","","","High","motion","catalog_page","","https://higgsfield.ai/motion/d5015556-ef13-4901-9079-c470ca3184f7"
"Preset / Effect","Drunk Master","","The subject fights with unpredictable, wobbly kung-fu moves. Inspired by legendary styles—funny, chaotic, and slick","MiniMax Hailuo","Motion Effect Preset","","People / Portrait","","","","","","","","","High","motion","catalog_page","","https://higgsfield.ai/motion/5d0eee15-569c-4006-a1c7-46d1c42d9315"
"Preset / Effect","Group Photo","","Multiple subjects pose together. Balanced, social, and perfect for friends or ensemble scenes","MiniMax Hailuo","Motion Effect Preset","","People / Portrait","","","","","","","","","High","motion","catalog_page","","https://higgsfield.ai/motion/7da01fad-94c9-4b53-be58-06f5d300c90d"
"Preset / Effect","3D Rotation","","The subject or product spins smoothly in place, showing a full 360° view. Clean, centered, and perfect for showcasing design, fashion, or product details in a modern way.","Wan 2.5","Motion Effect Preset","Fashion / Editorial","People / Portrait; Product / Object","","","","","","","","","High","motion","catalog_page","","https://higgsfield.ai/motion/c2d8f36a-319f-40e4-b5d0-94d4ff9be304"
"Preset / Effect","Boxing","","Follows the quick jabs, hooks, and head movement of a boxer. Intense, up-close, and rhythmic—ideal for training montages or fight scenes.","Wan 2.5","Motion Effect Preset","Product / Commercial","People / Portrait; Vehicles / Transport","","","","","","","","","High","motion","catalog_page","","https://higgsfield.ai/motion/17a55db6-8775-4a9f-a2c9-d0d373bee590"
"Preset / Effect","Devil Transformation","","Horns sprout, skin burns red, eyes glow with hellfire. Become a demon from the depths","MiniMax","Motion Effect Preset","","People / Portrait","","","","","","","","","High","motion","catalog_page","","https://higgsfield.ai/motion/8bb14782-908c-45a5-a9a1-051a76cab9e1"
"Preset / Effect","Fire Breathe","","The subject exhales a burst of flames from their mouth, lighting up the scene with intense heat and motion. Bold and fierce—perfect for fantasy, action, or supernatural power moments.","Wan 2.5","Motion Effect Preset","Fantasy / Sci-Fi","People / Portrait","","","","","","","","","High","motion","catalog_page","","https://higgsfield.ai/motion/fe5d8fa7-a639-4167-a819-44877788300e"
"Preset / Effect","Fast Sprint","","Blurred motion and speed trails as subject sprints. Feels superhuman and energetic","MiniMax Hailuo","Motion Effect Preset","","People / Portrait","","","","","","","","","High","motion","catalog_page","","https://higgsfield.ai/motion/5023b9bb-d528-48cd-add8-622e2999d7c6"
"Preset / Effect","Outfit Switch","","Quick transition between several distinct outfits for a reveal.","Wan 2.5","Motion Effect Preset","","","","","","","","","","","High","motion","catalog_page","","https://higgsfield.ai/motion/80b2200c-3589-4b75-954e-1415a2976361"
"Preset / Effect","Werewolf","","The subject transforms under the moonlight, fur and fangs emerging in a primal surge. Wild, savage, and powerful.","Wan 2.5","Motion Effect Preset","","People / Portrait; Animals / Creatures","","","","","","","","","High","motion","catalog_page","","https://higgsfield.ai/motion/5f3f83b8-6a17-47ba-bcfd-f7f41d9997e3"
"Preset / Effect","Portal","","A magical or sci-fi portal appears—used for transitions, teleportation, or surreal effects","MiniMax Hailuo","Motion Effect Preset","Glitch / Experimental; Fantasy / Sci-Fi","","","","","","","","","","High","motion","catalog_page","","https://higgsfield.ai/motion/2391dbfb-edc3-4982-b5b0-bf3746a25359"
"Preset / Effect","Polygon","","The subject’s body shifts into low-poly geometry—blocky, abstract, and digital. Ideal for glitch, tech, or surreal themes","MiniMax Hailuo","Motion Effect Preset","Glitch / Experimental","People / Portrait; Abstract / Texture","","","","","","","","","High","motion","catalog_page","","https://higgsfield.ai/motion/fad73347-8c2d-4d96-a70a-155447406281"
"Preset / Effect","Clothes Rain","","Garments fall from above like rain—whimsical, fun, or fashion-focused","MiniMax Hailuo","Motion Effect Preset","Fashion / Editorial","","","","","","","","","","High","motion","catalog_page","","https://higgsfield.ai/motion/0a8fd69f-e685-454a-8d07-c0bd8b767300"
"Preset / Effect","Glitch","","Digital distortion, tearing, and flicker effects. Perfect for tech, cyber, or broken aesthetics","MiniMax Hailuo","Motion Effect Preset","Glitch / Experimental","","","","","","","","","","High","motion","catalog_page","","https://higgsfield.ai/motion/abcf4cae-51d6-413c-95bf-a586cd48391b"
"Preset / Effect","Crying","","Emotional close-ups with tears, perfect for dramatic or heartfelt moments.","Wan 2.5","Motion Effect Preset","","","","","","","","","","","High","motion","catalog_page","","https://higgsfield.ai/motion/a312e070-ca5f-4471-8ac3-cef8a8ada3bf"
"Preset / Effect","Luminous Gaze","","The subject’s eyes glow with an otherworldly brilliance, piercing through the darkness. Enigmatic, radiant, and intense.","Wan 2.5","Motion Effect Preset","","People / Portrait","","","","","","","","","High","motion","catalog_page","","https://higgsfield.ai/motion/2ee4c224-356e-40d8-a0a7-55a03fd907d9"
"Preset / Effect","Handheld Run","","Simulates shaky, fast-paced movement while running. Feels real, chaotic, and immersive","MiniMax Hailuo","Motion Effect Preset","UGC / Handheld","","","","","","","","","","High","motion","catalog_page","","https://higgsfield.ai/motion/d03cb0fc-5dbb-4bf3-910b-eed505fb486e"
"Preset / Effect","Through Object In","","Camera moves into a scene through an object—creates depth and mystery","MiniMax Hailuo","Motion Effect Preset","","Product / Object","","","","","","","","","High","motion","catalog_page","","https://higgsfield.ai/motion/1e970d8b-74a3-4af7-a84c-6ae33830c1fd"
"Preset / Effect","Balloon","","Clothes or objects begin to inflate like real balloons—surreal and fun. Perfect for creative fashion or playful campaigns","MiniMax Hailuo","Motion Effect Preset","Glitch / Experimental; Fashion / Editorial","Product / Object","","","","","","","","","High","motion","catalog_page","","https://higgsfield.ai/motion/41932502-40a0-4637-b392-1d9df097d089"
"Preset / Effect","Hand Transition","","A hand sweeps across the lens, pulling the subject into the next moment. Personal, tactile, and engaging.","Wan 2.5","Motion Effect Preset","","People / Portrait","","","","","","","","","High","motion","catalog_page","","https://higgsfield.ai/motion/7e9ac07e-703b-4b48-a466-d561d3d9c536"
"Preset / Effect","Morning routine","","Natural shots of getting ready, coffee, skincare, or casual prep moments.","Wan 2.5","Motion Effect Preset","","Food / Drink","","","","","","","","","High","motion","catalog_page","","https://higgsfield.ai/motion/81f108ba-6b17-441c-a821-dd0bd540968d"
"Preset / Effect","Atomic","","A nuclear explosion erupts in the distance, and the shockwave blasts the subject with wind. Massive, cinematic, and apocalyptic","MiniMax Hailuo","Motion Effect Preset","Cinematic / Film","People / Portrait","","","","","","","","","High","motion","catalog_page","","https://higgsfield.ai/motion/cb8b5135-a91c-410c-af4c-e90d28f8ac1e"
"Preset / Effect","Zoom Out","","Gradually pulls back to reveal more of the scene, creating distance, suspense, or a sense of isolation","Wan 2.5","Motion Effect Preset","","People / Portrait","","","","","","","","","High","motion","catalog_page","","https://higgsfield.ai/motion/f9e6792f-b385-4eca-87f6-f439e917a7aa"
"Preset / Effect","Skateboard Ollie","","The classic jump where the rider and board lift off the ground without using hands. Clean, stylish, and the foundation of almost every trick.","Wan 2.5","Motion Effect Preset","","People / Portrait","","","","","","","","","High","motion","catalog_page","","https://higgsfield.ai/motion/ae714843-8507-42b3-9cdb-59661783fee5"
"Preset / Effect","Incline","","The subject moves or stands on a steep angle, as if the entire world is tilted. Creates tension, imbalance, or a surreal, gravity-defying visual effect.","Wan 2.5","Motion Effect Preset","Glitch / Experimental","People / Portrait","","","","","","","","","High","motion","catalog_page","","https://higgsfield.ai/motion/b120f292-74e3-4878-817b-626e203f8a92"
"Preset / Effect","Jib up","","Camera moves upward smoothly, revealing or elevating the subject. Great for cinematic rises","MiniMax Hailuo","Motion Effect Preset","Cinematic / Film","People / Portrait","","","","","","","","","High","motion","catalog_page","","https://higgsfield.ai/motion/30a7fe68-0967-419a-b7cb-0d0bed480b09"
"Preset / Effect","Intermission","","The scene cuts abruptly to a stylized break, as if pausing between acts. Retro, playful, and cinematic.","Wan 2.5","Motion Effect Preset","Cinematic / Film; Retro / VHS / Analog","People / Portrait","","","","","","","","","High","motion","catalog_page","","https://higgsfield.ai/motion/a15c924e-281b-4d58-a103-b5eb3276799a"
"Preset / Effect","Sand Cut","","Quick, dynamic movement with sand kicking up for dramatic effect.","Wan 2.5","Motion Effect Preset","","","","","","","","","","","High","motion","catalog_page","","https://higgsfield.ai/motion/5d570666-d497-41ee-8555-2fdc93145222"
"Preset / Effect","Crash Zoom In + Face Punch","","A sudden, intense zoom punches into the subject’s face just as a blow lands—amplifying impact, shock, and raw emotion in a single explosive moment.","Wan 2.5","Motion Effect Preset","","People / Portrait","","","","","","","","","High","motion","catalog_page","","https://higgsfield.ai/motion/b58e69b3-a23a-4e5b-8901-f5b170a7755c"
"Preset / Effect","Hair Style","","Hair color change and showing off a hairstyle in detail.","Wan 2.5","Motion Effect Preset","","","","","","","","","","","High","motion","catalog_page","","https://higgsfield.ai/motion/71d6e8f4-b01f-46a3-b27c-7ace92ec626e"
"Preset / Effect","Sand Storm","","A powerful blast of sand sweeps through the scene, partially or fully engulfing the subject. Dust swirls, visibility drops—ideal for desert chaos, dramatic reveals, or elemental visuals.","Wan 2.5","Motion Effect Preset","","People / Portrait; Landscape / Nature","","","","","","","","","High","motion","catalog_page","","https://higgsfield.ai/motion/69f79677-5ca2-4481-99f0-562881316b7e"
"Preset / Effect","Turning Metal + Melting","","The subject appears to liquefy into molten metal—smooth, reflective surfaces drip and distort like silver or chrome in heat. Futuristic, surreal, and visually striking.","Wan 2.5","Motion Effect Preset","Glitch / Experimental","People / Portrait","","","","","","","","","High","motion","catalog_page","","https://higgsfield.ai/motion/017ae2b7-bcff-42ef-863e-6e198f96c3ec"
"Preset / Effect","Fire Element","","Flames ignite and blaze outward, engulfing the subject in a burst of fiery energy. Intense, fierce, and unstoppable.","Wan 2.5","Motion Effect Preset","","People / Portrait","","","","","","","","","High","motion","catalog_page","","https://higgsfield.ai/motion/840c84e3-dc46-4ee6-8ad4-48c82bb6e427"
"Preset / Effect","Train Rush","","A train appears behind the subject at full speed—loud, fast, and intense. A perfect jump-scare or dramatic backdrop","MiniMax Hailuo","Motion Effect Preset","","People / Portrait; Vehicles / Transport","","","","","","","","","High","motion","catalog_page","","https://higgsfield.ai/motion/de601c08-c4cf-4eac-b1c5-a1d4040b57a6"
"Preset / Effect","Seamless Transition","","The scene morphs flawlessly with no visible cut, flowing as if time itself bends. Smooth, elegant, and invisible.","Wan 2.5","Motion Effect Preset","","People / Portrait","","","","","","","","","High","motion","catalog_page","","https://higgsfield.ai/motion/77ff4447-ab4c-4816-bb79-bff2f4a4f34f"
"Preset / Effect","Helicopter Escape","","A rescue rope drops from above as the subject grabs it and vanishes skyward. Action-packed, cinematic getaway","MiniMax Hailuo","Motion Effect Preset","Cinematic / Film","People / Portrait; Vehicles / Transport; Landscape / Nature","","","","","","","","","High","motion","catalog_page","","https://higgsfield.ai/motion/77f123ef-9bdc-47a8-b5b5-bb05733956c3"
"Preset / Effect","Eating Zoom","","Camera zooms in dramatically while the subject eats. Playful, exaggerated, or aesthetic","MiniMax Hailuo","Motion Effect Preset","","People / Portrait","","","","","","","","","High","motion","catalog_page","","https://higgsfield.ai/motion/f61ad61c-e2fc-4452-bcf2-91499c865241"
"Preset / Effect","Hero Cam","","The camera orbits around the subject at high speed, adding dramatic flair and power. Classic hero moment with max intensity","MiniMax Hailuo","Motion Effect Preset","","People / Portrait","","","","","","","","","High","motion","catalog_page","","https://higgsfield.ai/motion/a8c54413-c991-416a-8ac8-32c6a42caa6c"
"Preset / Effect","Catwalk","","Tracks a confident runway walk with smooth camera motion and fashion-forward energy. Sleek and stylish, like a high-fashion show moment.","Wan 2.5","Motion Effect Preset","Fashion / Editorial","","","","","","","","","","High","motion","catalog_page","","https://higgsfield.ai/motion/a0a7c624-cf2a-4204-a9f8-60623d4a7383"
"Preset / Effect","Crane Over The Head","","The camera rises smoothly above the subject using a crane, revealing the surroundings or adding drama. Perfect for epic moments or scene transitions.","Wan 2.5","Motion Effect Preset","Product / Commercial","People / Portrait","","","","","","","","","High","motion","catalog_page","","https://higgsfield.ai/motion/f77584f2-7442-4128-91b5-095829b108c7"
"Preset / Effect","Gas Transformation","","Subject turns into smoke or gas, vanishing or morphing with a smooth dissolve","MiniMax Hailuo","Motion Effect Preset","","People / Portrait; Abstract / Texture","","","","","","","","","High","motion","catalog_page","","https://higgsfield.ai/motion/1422c31c-7648-4b23-94ca-de200ad1bbc6"
"Preset / Effect","Boiling Point","","Steam erupts from the subject’s nose and ears in a cartoonish burst of rage. Fun, exaggerated, and full of tension","MiniMax Hailuo","Motion Effect Preset","Anime / Cartoon","People / Portrait","","","","","","","","","High","motion","catalog_page","","https://higgsfield.ai/motion/de3f1c25-9309-4b28-b331-cb0eeba3ea77"
"Preset / Effect","Static","","No camera movement. A still, steady frame ideal for calm, focused, or minimalist scenes.","MiniMax Hailuo","Motion Effect Preset","","","","","","","","","","","High","motion","catalog_page","","https://higgsfield.ai/motion/f0eac9cc-08ff-4b00-856e-3de0dad2d8b7"
"Preset / Effect","Dirty Lens","","Simulates a camera lens with smudges, dust, or water drops for a raw, gritty look. Great for adding realism, mood, or a behind-the-scenes feel.","Wan 2.5","Motion Effect Preset","Photorealistic","Food / Drink","","","","","","","","","High","motion","catalog_page","","https://higgsfield.ai/motion/86b3d8dd-78e2-4c84-9ca3-5a5b3c5a6382"
"Preset / Effect","Glow Trace","","The subject leaves behind glowing trails of movement—stylized and energetic","MiniMax Hailuo","Motion Effect Preset","","People / Portrait","","","","","","","","","High","motion","catalog_page","","https://higgsfield.ai/motion/519e724e-760f-4703-b6cd-d38223f27e53"
"Preset / Effect","Pizza Fall","","Slices of pizza rain down from the sky, piling up around the subject. Fun, absurd, and deliciously quirky.","Wan 2.5","Motion Effect Preset","","People / Portrait; Landscape / Nature","","","","","","","","","High","motion","catalog_page","","https://higgsfield.ai/motion/3c3a1331-3524-47da-b956-688595c295b7"
"Preset / Effect","Turning Monkey","","Quick, playful spin or turn inspired by turning into a monkey.","Wan 2.5","Motion Effect Preset","","","","","","","","","","","High","motion","catalog_page","","https://higgsfield.ai/motion/256b9943-7e79-4166-a4e3-8ad15f258f3d"
"Preset / Effect","Exploded View","","The subject breaks apart in layers or sections, revealing inner parts. Sci-fi, stylized, or technical","MiniMax Hailuo","Motion Effect Preset","Fantasy / Sci-Fi","People / Portrait","","","","","","","","","High","motion","catalog_page","","https://higgsfield.ai/motion/c75a47c8-6a28-4a2a-92dc-6e6359d555fe"
"Preset / Effect","Raven Transition","","Dark energy flares as glowing crows and fiery eyes surround the subject, channeling shinobi intensity. Mysterious, powerful, and iconic","Wan 2.5","Motion Effect Preset","","People / Portrait","","","","","","","","","High","motion","catalog_page","","https://higgsfield.ai/motion/bbab2a35-ccba-45df-8c37-8ea2bd9e395a"
"Preset / Effect","Ice rose","","A frozen flower crystallizes around the subject, shimmering in frost and elegance. Cold, fragile, and enchanting.","Wan 2.5","Motion Effect Preset","","People / Portrait","","","","","","","","","High","motion","catalog_page","","https://higgsfield.ai/motion/9988713b-2215-4105-bc83-c92518dd2062"
"Preset / Effect","Happy Mode","","Big smiles, bright expressions, and uplifting energy. Perfect for joyful, cheerful moments","MiniMax Hailuo","Motion Effect Preset","","","","","","","","","","","High","motion","catalog_page","","https://higgsfield.ai/motion/2c36cbf8-211f-430a-a374-4e240562ebd5"
"Preset / Effect","Objects Around","","Everyday items orbit and swirl around the subject in gravity-defying motion. Playful, surreal, and unexpected.","Wan 2.5","Motion Effect Preset","Glitch / Experimental","People / Portrait; Product / Object","","","","","","","","","High","motion","catalog_page","","https://higgsfield.ai/motion/0275bb9f-7e50-4d45-84e4-3cb9dcbdd126"
"Preset / Effect","Sakura Petals","","Pink petals drift gracefully in the air, enveloping the subject in a soft spring aura. Romantic, delicate, and poetic.","Wan 2.5","Motion Effect Preset","","People / Portrait","","","","","","","","","High","motion","catalog_page","","https://higgsfield.ai/motion/cbc75d4d-2e42-4688-a384-0d6e03e375da"
"Preset / Effect","Aerial Pullback","","The camera zooms upward, revealing the subject shrinking against an expansive world. Cinematic, breathtaking, and vast.","Wan 2.5","Motion Effect Preset","Cinematic / Film; Aerial / Drone","People / Portrait","","","","","","","","","High","motion","catalog_page","","https://higgsfield.ai/motion/a0bfa1b6-2dc7-4bbe-889f-fc04c27288ba"
"Preset / Effect","Bloom Mouth","","Person open mouth, petals or flower instead of tongue.","Wan 2.5","Motion Effect Preset","Product / Commercial","People / Portrait","","","","","","","","","High","motion","catalog_page","","https://higgsfield.ai/motion/32332330-5b5c-4dd1-913c-e39ed6dd4c43"
"Preset / Effect","Thunder God + Levitation","","The subject rises into the air with glowing eyes and lightning crackling around them. Hair and fabric lift with the energy, creating a powerful, divine moment of ascension.","Wan 2.5","Motion Effect Preset","","People / Portrait","","","","","","","","","High","motion","catalog_page","","https://higgsfield.ai/motion/8abe6573-591e-446a-9278-1f9bd274c03e"
"Preset / Effect","Fairies Around","","Tiny glowing sprites flutter around the subject, trailing sparks of magic. Whimsical, enchanting, and mystical.","Wan 2.5","Motion Effect Preset","","People / Portrait","","","","","","","","","High","motion","catalog_page","","https://higgsfield.ai/motion/94dc9474-0a60-4f19-986d-6d7cac26aa14"
"Preset / Effect","Car Drive","","Subject driving or riding in a car with focus on atmosphere and motion.","Wan 2.5","Motion Effect Preset","","People / Portrait; Vehicles / Transport","","","","","","","","","High","motion","catalog_page","","https://higgsfield.ai/motion/1432efd3-9d22-46e6-a2c4-e0655c2f777e"
"Preset / Effect","Ballet","","The subject moves gracefully as flowing ribbons and stage lights highlight every motion. Elegant, delicate, and artistic.","Wan 2.5","Motion Effect Preset","","People / Portrait","","","","","","","","","High","motion","catalog_page","","https://higgsfield.ai/motion/1b355f18-38f9-4d9e-bd25-d68f2af9c9db"
"Preset / Effect","Cyborg","","Metallic plating fuses with flesh as the subject evolves into a futuristic machine. Strong, high-tech, and intimidating.","Wan 2.5","Motion Effect Preset","","People / Portrait","","","","","","","","","High","motion","catalog_page","","https://higgsfield.ai/motion/1f96bfce-ebca-4eb5-a521-0ccd4f1d73d9"
"Preset / Effect","Flame On","","The subject ignites into flames with dynamic fire visuals. Bold and powerful transformation","MiniMax Hailuo","Motion Effect Preset","","People / Portrait","","","","","","","","","High","motion","catalog_page","","https://higgsfield.ai/motion/66fad309-0d8a-447c-b95e-1e29b6dd864b"
"Preset / Effect","Buddy","","A clone interacting naturally with the subject, showing connection or camaraderie.","Wan 2.5","Motion Effect Preset","","People / Portrait","","","","","","","","","High","motion","catalog_page","","https://higgsfield.ai/motion/12efd233-c7fa-445f-8eb9-f271c902cdbc"
"Preset / Effect","Kiss","","Captures the intimate moment of a kiss with soft focus, slow motion, or dramatic angles. Evokes emotion, romance, and connection between characters.","Wan 2.5","Motion Effect Preset","","People / Portrait","","","","","","","","","High","motion","catalog_page","","https://higgsfield.ai/motion/ad85a3a8-919d-45a3-8fa6-0727fc7b7fe7"
"Preset / Effect","Fix and pose","","Adjusting hair, clothes, or accessories before striking a confident pose.","Wan 2.5","Motion Effect Preset","","","","","","","","","","","High","motion","catalog_page","","https://higgsfield.ai/motion/c184d8aa-1edd-42d0-852f-68b36108c4d3"
"Preset / Effect","Gorilla Transfer","","A primal transformation overtakes the subject, unleashing raw beastly strength. Fierce, wild, and unstoppable.","Wan 2.5","Motion Effect Preset","","People / Portrait","","","","","","","","","High","motion","catalog_page","","https://higgsfield.ai/motion/2f000456-93b5-482d-acb4-831f43095efa"
"Preset / Effect","Blood Mirror Logo","","Your logo reflects in a shattered, blood-splattered mirror with dripping gore. Cinematic and brutal","MiniMax 2.3 Fast","Motion Effect Preset","Cinematic / Film","Text / Logo / Graphic","","","","","","","","","High","motion","catalog_page","","https://higgsfield.ai/motion/36718124-d743-4104-ab5c-39b7b752b32e"
"Preset / Effect","Explosion","","Sudden burst of fire, smoke, or particles. High-impact and perfect for dramatic scenes","MiniMax Hailuo","Motion Effect Preset","","Abstract / Texture","","","","","","","","","High","motion","catalog_page","","https://higgsfield.ai/motion/bc2725cf-4195-4139-881f-f01a71940bea"
"Preset / Effect","Zombie Decay","","Flesh rots away, skin turns gray and decayed, eyes go lifeless. Watch the transformation into the undead","MiniMax 2.3 Fast","Motion Effect Preset","","People / Portrait; Product / Object","","","","","","","","","High","motion","catalog_page","","https://higgsfield.ai/motion/6decccbe-9440-4c4a-a70e-997f58ffb416"
"Preset / Effect","Dream Date","","A cult-classic meme moment—playful, over-the-top, and full of awkward laughs. Feels like the internet’s favorite scene","MiniMax Hailuo","Motion Effect Preset","","People / Portrait","","","","","","","","","High","motion","catalog_page","","https://higgsfield.ai/motion/3dff650d-48fe-4221-8362-84d66d09e54d"
"Preset / Effect","Attack of Clones","","The subject is suddenly surrounded and attacked by their own clones. Chaotic, fast-paced, and perfect for action or comedy","MiniMax Hailuo","Motion Effect Preset","","People / Portrait","","","","","","","","","High","motion","catalog_page","","https://higgsfield.ai/motion/8f47b988-db40-4aa7-9289-1a55cbd3ac81"
"Preset / Effect","Snowboard Powder","","Follows a snowboarder floating through fresh powder with wide turns and big sprays. Feels smooth, wild, and free.","Wan 2.5","Motion Effect Preset","","","","","","","","","","","High","motion","catalog_page","","https://higgsfield.ai/motion/c99c3417-31d0-47f0-8cc9-1b25dc5de023"
"Preset / Effect","Beast Appearance","","A monstrous figure emerges from the shadows, towering over the scene. Powerful, menacing, and awe-inspiring.","Wan 2.5","Motion Effect Preset","","People / Portrait","","","","","","","","","High","motion","catalog_page","","https://higgsfield.ai/motion/53f9cea8-9195-45a0-accd-36d6c6454a01"
"Preset / Effect","Thunder God + Wind to Face","","The subject stands strong as lightning crackles from glowing eyes while fierce wind blasts their face—hair and clothes whip wildly, creating an epic, godlike transformation full of raw energy.","Wan 2.5","Motion Effect Preset","","People / Portrait","","","","","","","","","High","motion","catalog_page","","https://higgsfield.ai/motion/4c43bd7f-9800-42ab-91c5-86afd3959080"
"Preset / Effect","Jump Transition","","A leap shakes the ground as the subject slams upward, blasting into the next frame. Explosive, athletic, and bold.","Wan 2.5","Motion Effect Preset","","People / Portrait","","","","","","","","","High","motion","catalog_page","","https://higgsfield.ai/motion/38f4643a-581b-40d8-bcd6-983aecf12430"
"Preset / Effect","I Can Fly","","The subject soars high above landscapes, weightless and free in the open sky. Expansive, liberating, and breathtaking.","Wan 2.5","Motion Effect Preset","","People / Portrait; Landscape / Nature","","","","","","","","","High","motion","catalog_page","","https://higgsfield.ai/motion/929856d2-448b-40ad-8781-297e02af0ae7"
"Preset / Effect","Hero Flight","","Cinematic leap or flight moment with strong heroic energy.","Wan 2.5","Motion Effect Preset","Cinematic / Film","","","","","","","","","","High","motion","catalog_page","","https://higgsfield.ai/motion/1df8be61-ddf7-4563-b12f-887d4c641698"
"Preset / Effect","Selfie","","Subject holding the camera for a self-shot, casual or stylized.","Wan 2.5","Motion Effect Preset","UGC / Handheld","People / Portrait","","","","","","","","","High","motion","catalog_page","","https://higgsfield.ai/motion/418cabf4-1740-4127-a116-f652a8ca9444"
"Preset / Effect","Aquarium","","The subject appears submerged in a vast aquatic world, surrounded by shimmering fish and drifting bubbles. Calm, surreal, and dreamlike.","Wan 2.5","Motion Effect Preset","Glitch / Experimental","People / Portrait; Animals / Creatures","","","","","","","","","High","motion","catalog_page","","https://higgsfield.ai/motion/a5aad83f-c66b-44eb-a781-85132636253f"
"Preset / Effect","Outfit Check","","The subject spins or turns, showing off their fit from every angle. Simple, clean, and perfect for fashion highlights","MiniMax Hailuo","Motion Effect Preset","Fashion / Editorial","People / Portrait","","","","","","","","","High","motion","catalog_page","","https://higgsfield.ai/motion/119d0b1d-26b6-4b0f-a843-1f72b9bf3209"
"Preset / Effect","Rapid Zoom In","","Fast zoom into the subject for dramatic effect or comedic timing","MiniMax Hailuo","Motion Effect Preset","","People / Portrait","","","","","","","","","High","motion","catalog_page","","https://higgsfield.ai/motion/3dee792a-3fb1-40e5-8f46-3a1db42d64b1"
"Preset / Effect","Tracking","","Dynamic object tracking lines","Viral Preset (Higgsfield)","Viral Preset","","Product / Object","","","","","","","","","High","viral-presets","catalog_page","","https://higgsfield.ai/viral-presets/examples/tracking"
"Preset / Effect","Lost in a Book","","Explore creator examples made with the Lost in a Book AI video preset on Higgsfield.","Viral Preset (Higgsfield)","Viral Preset","","People / Portrait; Landscape / Nature","","","","","","","","","High","viral-presets","catalog_page","","https://higgsfield.ai/viral-presets/examples/lost-in-a-book"
"Preset / Effect","Ink Riot","","Stacked mixed-media composition","Viral Preset (Higgsfield)","Viral Preset","","","","","","","","","","","High","viral-presets","catalog_page","","https://higgsfield.ai/viral-presets/examples/ink-riot"
"Preset / Effect","Cannabis","","Smoky psychedelic poster look","Viral Preset (Higgsfield)","Viral Preset","Glitch / Experimental","Text / Logo / Graphic","","","","","","","","","High","viral-presets","catalog_page","","https://higgsfield.ai/viral-presets/examples/cannabis"
"Preset / Effect","Magazine","","Printed magazine visual look","Viral Preset (Higgsfield)","Viral Preset","Fashion / Editorial","","","","","","","","","","High","viral-presets","catalog_page","","https://higgsfield.ai/viral-presets/examples/magazine"
"Preset / Effect","Paper","","Handcrafted paper texture","Viral Preset (Higgsfield)","Viral Preset","","Abstract / Texture","","","","","","","","","High","viral-presets","catalog_page","","https://higgsfield.ai/viral-presets/examples/paper"
"Preset / Effect","Knight's Diary","","An off-duty knight lounges above the Alps with a diary and a cat. Epic and cinematic — perfect for fantasy portraits and character reveals.","Viral Preset (Higgsfield)","Viral Preset","Cinematic / Film; Fantasy / Sci-Fi","People / Portrait","","","","","","","","","High","viral-presets","catalog_page","","https://higgsfield.ai/viral-presets/examples/knight-s-diary"
"Preset / Effect","Pigeons","","A rider glides through the city on pigeons like roller skates, hovering above the street. Absurd and hilarious — a trend-ready visual built to stop the scroll.","Viral Preset (Higgsfield)","Viral Preset","","People / Portrait; Architecture / Interior","","","","","","","","","High","viral-presets","catalog_page","","https://higgsfield.ai/viral-presets/examples/pigeons"
"Preset / Effect","Overexposed","","Extreme light exposure effect","Viral Preset (Higgsfield)","Viral Preset","","","","","","","","","","","High","viral-presets","catalog_page","","https://higgsfield.ai/viral-presets/examples/overexposed"
"Preset / Effect","STICKER PEEL","","A giant hand reaches in and peels the figure off the wall like a sticker, leaving blank surface behind, then presses it back down. Tactile and graphic—perfect for transitions or reveals.","Viral Preset (Higgsfield)","Viral Preset","","People / Portrait; Text / Logo / Graphic","","","","","","","","","High","viral-presets","catalog_page","","https://higgsfield.ai/viral-presets/examples/sticker-peel-exported"
"Preset / Effect","SELFIE TWIN","","A second, identical version walks in, sits down, takes a selfie, and vanishes. Uncanny and playful—perfect for transitions or humor.","Viral Preset (Higgsfield)","Viral Preset","UGC / Handheld","","","","","","","","","","High","viral-presets","catalog_page","","https://higgsfield.ai/viral-presets/examples/selfie-twin-exported"
"Preset / Effect","Akrill","","Layered acrylic color blocks","Viral Preset (Higgsfield)","Viral Preset","","","","","","","","","","","High","viral-presets","catalog_page","","https://higgsfield.ai/viral-presets/examples/akrill"
"Preset / Effect","Vintage","","Hand-inked illustrated style","Viral Preset (Higgsfield)","Viral Preset","Retro / VHS / Analog","","","","","","","","","","High","viral-presets","catalog_page","","https://higgsfield.ai/viral-presets/examples/vintage"
"Preset / Effect","Argus","","Briton Rivière’s ""Ulysses and Argus"" below, with you entering its most emotional moment above. Tender, cinematic, and made for a shareable split-screen format.","Viral Preset (Higgsfield)","Viral Preset","Cinematic / Film","","","","","","","","","","High","viral-presets","catalog_page","","https://higgsfield.ai/viral-presets/examples/argus"
"Preset / Effect","Multiverse","","Layered reality collision effect","Viral Preset (Higgsfield)","Viral Preset","","","","","","","","","","","High","viral-presets","catalog_page","","https://higgsfield.ai/viral-presets/examples/multiverse"
"Preset / Effect","Skatedog","","A rider tears through the streets on a dachshund like a skateboard, pulling off tricks along the way. Perfect for viral videos and visual comedy.","Viral Preset (Higgsfield)","Viral Preset","","People / Portrait; Animals / Creatures; Architecture / Interior","","","","","","","","","High","viral-presets","catalog_page","","https://higgsfield.ai/viral-presets/examples/skatedog"
"Preset / Effect","Acid","","Psychedelic neon color distortion","Viral Preset (Higgsfield)","Viral Preset","Glitch / Experimental","","","","","","","","","","High","viral-presets","catalog_page","","https://higgsfield.ai/viral-presets/examples/acid"
"Preset / Effect","Flash comic","","High-energy comic visuals","Viral Preset (Higgsfield)","Viral Preset","","","","","","","","","","","High","viral-presets","catalog_page","","https://higgsfield.ai/viral-presets/examples/flash-comic"
"Preset / Effect","Fallen Angel","","Cabanel’s original ""The Fallen Angel"" below, your cinematic version of the portrait above. Defiant and instantly recognizable—a split-screen format built to go viral.","Viral Preset (Higgsfield)","Viral Preset","Cinematic / Film","People / Portrait","","","","","","","","","High","viral-presets","catalog_page","","https://higgsfield.ai/viral-presets/examples/fallen-angel"
"Preset / Effect","ACTION FIGURE","","A hand lifts you out of the scene like a rigid plastic action figure and rotates you for a toy-review showcase — same pose, same expression, completely stiff.","Viral Preset (Higgsfield)","Viral Preset","","People / Portrait","","","","","","","","","High","viral-presets","catalog_page","","https://higgsfield.ai/viral-presets/examples/action-figure-exported"
"Preset / Effect","Ultraviolet","","Neon ultraviolet glow effect","Viral Preset (Higgsfield)","Viral Preset","","","","","","","","","","","High","viral-presets","catalog_page","","https://higgsfield.ai/viral-presets/examples/ultraviolet"
"Preset / Effect","Origami","","Crisp origami-style geometr","Viral Preset (Higgsfield)","Viral Preset","","","","","","","","","","","High","viral-presets","catalog_page","","https://higgsfield.ai/viral-presets/examples/origami"
"Preset / Effect","Bullet time","","A waitress trips, sending coffee and plates flying as time freezes for a sweeping 360° camera move. Everything snaps back into place, ending on her knowing smirk. Slick and cinematic—perfect for high-impact reveals.","Viral Preset (Higgsfield)","Viral Preset","Cinematic / Film","Food / Drink","","","","","","","","","High","viral-presets","catalog_page","","https://higgsfield.ai/viral-presets/examples/bullet-time"
"Preset / Effect","Modern","","Clean geometric minimalism","Viral Preset (Higgsfield)","Viral Preset","","","","","","","","","","","High","viral-presets","catalog_page","","https://higgsfield.ai/viral-presets/examples/modern"
"Preset / Effect","Palette","","Hand-painted color composition","Viral Preset (Higgsfield)","Viral Preset","","","","","","","","","","","High","viral-presets","catalog_page","","https://higgsfield.ai/viral-presets/examples/palette"
"Preset / Effect","FAIRYTALE CASTLE","","An empty field at dusk leads to a glowing castle, with a winding stream and fireworks overhead. Dreamlike and cinematic—built for fantasy intros, magical reveals, or storybook worlds.","Viral Preset (Higgsfield)","Viral Preset","Cinematic / Film; Fantasy / Sci-Fi","Landscape / Nature","","","","","","","","","High","viral-presets","catalog_page","","https://higgsfield.ai/viral-presets/examples/fairytale-castle-exported"
"Preset / Effect","Higgsfield Presets","","Browse Higgsfield Presets — big-budget visual effects, explosions, and surreal transformations. Pick a preset, add your media, and generate cinematic AI video in seconds.","","Viral Preset","Cinematic / Film; Glitch / Experimental","Landscape / Nature","","","","","","","","","High","viral-presets","catalog_page","","https://higgsfield.ai/viral-presets"
"Preset / Effect","Comic","","Graphic illustrated comic look","Viral Preset (Higgsfield)","Viral Preset","","Text / Logo / Graphic","","","","","","","","","High","viral-presets","catalog_page","","https://higgsfield.ai/viral-presets/examples/comic"
"Preset / Effect","Marble","","Sculpted marble visual style","Viral Preset (Higgsfield)","Viral Preset","","","","","","","","","","","High","viral-presets","catalog_page","","https://higgsfield.ai/viral-presets/examples/marble"
"Preset / Effect","Lava","","Liquid lava color motion","Viral Preset (Higgsfield)","Viral Preset","","Abstract / Texture","","","","","","","","","High","viral-presets","catalog_page","","https://higgsfield.ai/viral-presets/examples/lava"
"Preset / Effect","LSD","","Hallucinogenic color waves","Viral Preset (Higgsfield)","Viral Preset","","","","","","","","","","","High","viral-presets","catalog_page","","https://higgsfield.ai/viral-presets/examples/lsd"
"Preset / Effect","Puffin Ride","","A rider glides through the city on puffins like roller skates, hovering two meters above the street. Absurd and hilarious—a trend-ready visual built to stop the scroll.","Viral Preset (Higgsfield)","Viral Preset","","People / Portrait; Architecture / Interior","","","","","","","","","High","viral-presets","catalog_page","","https://higgsfield.ai/viral-presets/examples/puffin-ride"
"Preset / Effect","Penguin Ride","","Explore creator examples made with the Penguin Ride AI video preset on Higgsfield.","Viral Preset (Higgsfield)","Viral Preset","","People / Portrait; Landscape / Nature","","","","","","","","","High","viral-presets","catalog_page","","https://higgsfield.ai/viral-presets/examples/penguin-ride"
"Preset / Effect","Sketch","","Hand-drawn textured linework","Viral Preset (Higgsfield)","Viral Preset","","Abstract / Texture","","","","","","","","","High","viral-presets","catalog_page","","https://higgsfield.ai/viral-presets/examples/sketch"
"Preset / Effect","MIGHTY FIGHTER","","Become a battle-worn knight in a misty field of red poppies. Melancholic and cinematic—perfect for fallen-hero portraits or dark fantasy storytelling.","Viral Preset (Higgsfield)","Viral Preset","Cinematic / Film; Fantasy / Sci-Fi; Noir / Moody","People / Portrait; Landscape / Nature","","","","","","","","","High","viral-presets","catalog_page","","https://higgsfield.ai/viral-presets/examples/mighty-fighter-exported"
"Preset / Effect","Two color","","High-contrast two-tone style","Viral Preset (Higgsfield)","Viral Preset","","","","","","","","","","","High","viral-presets","catalog_page","","https://higgsfield.ai/viral-presets/examples/two-color"
"Preset / Effect","Dolphin Ride","","A rider surfs on a dolphin as if it were a board. Surreal and absurd—built for visual comedy or a scroll-stopping hook.","Viral Preset (Higgsfield)","Viral Preset","Glitch / Experimental","","","","","","","","","","High","viral-presets","catalog_page","","https://higgsfield.ai/viral-presets/examples/dolphin-ride"
"Preset / Effect","Cold vision","","Cold neon shadow lighting","Viral Preset (Higgsfield)","Viral Preset","","","","","","","","","","","High","viral-presets","catalog_page","","https://higgsfield.ai/viral-presets/examples/cold-vision"
"Preset / Effect","ORBITAL PRESENCE","","You become a cosmic giant, smoothing hurricanes with your fingertips before sitting on Earth beneath the stars. Perfect for surreal reveals, dreamlike edits, and cosmic transitions.","Viral Preset (Higgsfield)","Viral Preset","Glitch / Experimental","People / Portrait","","","","","","","","","High","viral-presets","catalog_page","","https://higgsfield.ai/viral-presets/examples/orbital-presence-exported"
"Preset / Effect","2000'S PAPARAZZI","","A retro VHS paparazzi clip — Y2K celebrity in graphic tee and low-rise jeans exits a luxury hotel through a golden revolving door, walks past flashing cameras into a black car.","Viral Preset (Higgsfield)","Viral Preset","Retro / VHS / Analog","Architecture / Interior; Text / Logo / Graphic","","","","","","","","","High","viral-presets","catalog_page","","https://higgsfield.ai/viral-presets/examples/2000-s-paparazzi-exported"
"Preset / Effect","Random Glow","","random glow","Viral Preset (Higgsfield)","Viral Preset","","","","","","","","","","","High","viral-presets","catalog_page","","https://higgsfield.ai/viral-presets/examples/random-glow"
"Preset / Effect","Monet Muse","","Step into Monet’s world as a modern-day muse beneath an endless sky. Dreamy and painterly—perfect for poetic portraits or artful edits.","Viral Preset (Higgsfield)","Viral Preset","","People / Portrait; Landscape / Nature","","","","","","","","","High","viral-presets","catalog_page","","https://higgsfield.ai/viral-presets/examples/monet-muse"
"Preset / Effect","Noir","","Cinematic noir lighting","Viral Preset (Higgsfield)","Viral Preset","Cinematic / Film; Noir / Moody","","","","","","","","","","High","viral-presets","catalog_page","","https://higgsfield.ai/viral-presets/examples/noir"
"Preset / Effect","Hand paint","","Freeform hand-painted brushwork","Viral Preset (Higgsfield)","Viral Preset","","","","","","","","","","","High","viral-presets","catalog_page","","https://higgsfield.ai/viral-presets/examples/hand-paint"
"Preset / Effect","RACE TRACK","","Confident selfie walk on a sunlit race track while cars blast past at full speed — hair and clothes whipping violently from every shockwave, camera shaking, all smiles.","Viral Preset (Higgsfield)","Viral Preset","UGC / Handheld","","","","","","","","","","High","viral-presets","catalog_page","","https://higgsfield.ai/viral-presets/examples/race-track-exported"
"Preset / Effect","Toxic","","Radioactive neon color blast","Viral Preset (Higgsfield)","Viral Preset","","","","","","","","","","","High","viral-presets","catalog_page","","https://higgsfield.ai/viral-presets/examples/toxic"
"Preset / Effect","Fragments","","Layered abstract visual fragments","Viral Preset (Higgsfield)","Viral Preset","","Abstract / Texture","","","","","","","","","High","viral-presets","catalog_page","","https://higgsfield.ai/viral-presets/examples/fragments"
"Preset / Effect","EARTH ZOOM","","The camera plunges from orbit — through clouds, past the city grid — and lands at street level in one unbroken move. Built for scale, transitions, and dramatic reveals.","Viral Preset (Higgsfield)","Viral Preset","","People / Portrait; Architecture / Interior","","","","","","","","","High","viral-presets","catalog_page","","https://higgsfield.ai/viral-presets/examples/earth-zoom-exported"
"Preset / Effect","Pearl earring","","Vermeer’s original ""Girl with a Pearl Earring"" below, a personalized animated recreation starring you above. Timeless and instantly recognizable—a split-screen format built to go viral.","Viral Preset (Higgsfield)","Viral Preset","","People / Portrait","","","","","","","","","High","viral-presets","catalog_page","","https://higgsfield.ai/viral-presets/examples/pearl-earring"
"Preset / Effect","MOONWALK","","Journey across the Moon, Sun, and Earth as a crowned cosmic wanderer. Whimsical and surreal—perfect for dreamy, viral-ready edits.","Viral Preset (Higgsfield)","Viral Preset","Glitch / Experimental","People / Portrait","","","","","","","","","High","viral-presets","catalog_page","","https://higgsfield.ai/viral-presets/examples/moonwalk-exported"
"Preset / Effect","Superstar","","Stadium lights, a sea of raised phones, and a face taking over the jumbotron—all seen from deep inside the crowd. Raw and charged—an instant hook for high-energy intros","Viral Preset (Higgsfield)","Viral Preset","","People / Portrait; Landscape / Nature; Product / Object","","","","","","","","","High","viral-presets","catalog_page","","https://higgsfield.ai/viral-presets/examples/superstar"
"Preset / Effect","Particles","","Luminous particles in motion","Viral Preset (Higgsfield)","Viral Preset","","Abstract / Texture","","","","","","","","","High","viral-presets","catalog_page","","https://higgsfield.ai/viral-presets/examples/particles"
"Preset / Effect","BLUE DEPTH","","A wall of dark water fills the frame as fish drift past in slow motion and everything else holds perfectly still. Moody and hypnotic—perfect for transitions or storytelling.","Viral Preset (Higgsfield)","Viral Preset","Noir / Moody","People / Portrait; Animals / Creatures; Food / Drink","","","","","","","","","High","viral-presets","catalog_page","","https://higgsfield.ai/viral-presets/examples/blue-depth-exported"
"Preset / Effect","ORBIT 360","","The camera circles around you in a smooth 360° motion, turning any photo into a cinematic video. Perfect for bold reveals, dynamic edits, and stylish transitions.","Viral Preset (Higgsfield)","Viral Preset","Cinematic / Film","People / Portrait","","","","","","","","","High","viral-presets","catalog_page","","https://higgsfield.ai/viral-presets/examples/orbit-360-exported"
"Preset / Effect","3D RENDER","","Clean 3D software reveal — camera orbiting a hyper-detailed character model, fast zooms, rotating lights, mouse clicks only.","Viral Preset (Higgsfield)","Viral Preset","3D / CGI Render","","","","","","","","","","High","viral-presets","catalog_page","","https://higgsfield.ai/viral-presets/examples/3d-render-exported"
"Preset / Effect","Windows","","Overlapping digital interface windows","Viral Preset (Higgsfield)","Viral Preset","","People / Portrait","","","","","","","","","High","viral-presets","catalog_page","","https://higgsfield.ai/viral-presets/examples/windows"
"Preset / Effect","Agamemnon","","Agamemnon steps out of the screen as armored warriors storm the theater. Larger-than-life and perfect for bold reveals or transitions.","Viral Preset (Higgsfield)","Viral Preset","","People / Portrait","","","","","","","","","High","viral-presets","catalog_page","","https://higgsfield.ai/viral-presets/examples/agamemnon"
"Preset / Effect","Bubbles","","Dreamy soap bubble texture","Viral Preset (Higgsfield)","Viral Preset","","Abstract / Texture","","","","","","","","","High","viral-presets","catalog_page","","https://higgsfield.ai/viral-presets/examples/bubbles"
"Preset / Effect","Cyclope","","Redon’s original ""The Cyclops"" below, an animated recreation starring you above. Surreal and instantly recognizable—a split-screen format built to go viral.","Viral Preset (Higgsfield)","Viral Preset","Glitch / Experimental","People / Portrait","","","","","","","","","High","viral-presets","catalog_page","","https://higgsfield.ai/viral-presets/examples/cyclope"
"Preset / Effect","Broken mirror","","Broken glass reflection effect","Viral Preset (Higgsfield)","Viral Preset","","","","","","","","","","","High","viral-presets","catalog_page","","https://higgsfield.ai/viral-presets/examples/broken-mirror"
"Preset / Effect","Ocean","","Liquid sea color overlay","Viral Preset (Higgsfield)","Viral Preset","","Landscape / Nature; Abstract / Texture","","","","","","","","","High","viral-presets","catalog_page","","https://higgsfield.ai/viral-presets/examples/ocean"
"Preset / Effect","Canvas","","Hand-drawn canvas-style artwork","Viral Preset (Higgsfield)","Viral Preset","","","","","","","","","","","High","viral-presets","catalog_page","","https://higgsfield.ai/viral-presets/examples/canvas"
"Preset / Effect","Casual Monster Slayer","","You transform into a cybernetic battle suit as a flaming giant crashes into the laundromat, then snap back to normal. Perfect for action edits, comic twists, and bold transformations.","Viral Preset (Higgsfield)","Viral Preset","","People / Portrait; Animals / Creatures","","","","","","","","","High","viral-presets","catalog_page","","https://higgsfield.ai/viral-presets/examples/casual-monster-slayer-seedance-2"
